user_id,birthdate,gender,city
abc83f92-1111-1111-1111-a44e13e59424,1990-08-15 09:15:41,,
234a4125-1111-1111-1111-99a3937a1ecc,1989-02-28 03:30:46,,
1ddccacc-1111-1111-1111-de05fd293612,1972-06-03 01:14:44,,
d0c9873b-1111-1111-1111-202a40bcac0d,1969-06-30 19:09:37,,
22c5d2c9-1111-1111-1111-5cb484bdc869,1983-05-01 18:07:15,,
d0af84b7-1111-1111-1111-19a2b9a95e67,1983-01-08 13:13:29,,
d5c6b542-1111-1111-1111-45f90fd37717,1974-12-06 12:52:32,,
fb579f9c-1111-1111-1111-e56ab9a8916c,1998-01-16 09:21:22,,
64ff408f-1111-1111-1111-429c96133822,1982-01-09 03:13:37,,
efef8259-1111-1111-1111-53087efbea97,1974-06-05 17:25:19,,
d896b8a7-1111-1111-1111-d9bdfb006249,1961-10-08 10:01:45,,
8d4d0515-1111-1111-1111-66803cf684b2,1976-05-03 13:59:51,,
001a3153-1111-1111-1111-9bac5d74e813,1974-08-03 20:54:18,,
e04ae19e-1111-1111-1111-fde3bb20277d,1968-05-12 23:36:09,,
1353830d-1111-1111-1111-60f8f0ac5e37,1981-04-19 19:41:47,,
6ae0f213-1111-1111-1111-c7c66b137843,1981-08-08 21:47:52,,
9e42a468-1111-1111-1111-f0f7d5a9ad7f,1980-10-25 19:56:53,,
e7c4c52c-1111-1111-1111-1caf465c7dcd,1988-09-12 00:13:40,,
c4b35218-1111-1111-1111-0152eeb2c45f,1984-03-14 01:52:32,,
46c1ded5-1111-1111-1111-30545baf6cea,1992-07-21 06:52:19,,
c554e743-1111-1111-1111-1a67694a0246,1971-08-23 22:03:56,,
50730844-1111-1111-1111-f9f7d01298c8,1969-03-02 06:06:52,,
8db9046d-1111-1111-1111-a090108b3300,1999-01-19 04:16:44,,
26c7beb0-1111-1111-1111-f99c5018af8c,1982-06-02 11:01:19,,
d33f1952-1111-1111-1111-5c437cc70988,1968-09-24 14:38:36,,
ee601a9a-1111-1111-1111-00f9daa056f8,1980-06-20 04:02:35,,
3c0a2e88-1111-1111-1111-5b2e2dff033f,1975-07-10 11:56:28,,
e2a08dad-1111-1111-1111-3568e8c5a9da,1969-09-30 09:20:05,,
7ab326e6-1111-1111-1111-aa19aec7fda2,1972-02-07 21:52:08,,
872fc072-1111-1111-1111-2197f057f4db,1983-06-03 08:01:41,,
ee3f3e04-1111-1111-1111-9df1dc995efe,1969-03-13 15:16:32,,
42d9aee6-1111-1111-1111-b2e4ece4b4e9,1977-06-08 05:54:41,,
3d218944-1111-1111-1111-dd528ade495c,1965-04-06 03:59:04,,
1db0267e-1111-1111-1111-aec0e972e209,1986-08-11 01:47:42,,
09888bbe-1111-1111-1111-72021168cc9e,1981-09-14 20:31:03,,
73bcd265-1111-1111-1111-7ab39d284960,1989-09-02 10:48:19,,
d83cbded-1111-1111-1111-8d3c1b54109c,1963-01-05 02:26:23,,
52c8c241-1111-1111-1111-22292588a79c,1966-09-11 13:47:22,,
6802017a-1111-1111-1111-cfa5ccc1341c,1982-09-14 18:48:47,,
5a748f24-1111-1111-1111-540deb6a5938,1969-11-15 03:52:48,,
da51624c-1111-1111-1111-995b00d2708f,1996-05-02 05:55:25,,
5d52c557-1111-1111-1111-38ba813d382c,1989-07-10 03:02:58,,
c2d5bc8f-1111-1111-1111-4188b243621f,1984-07-08 01:30:02,,
369a73a7-1111-1111-1111-c72de4118d31,1995-05-11 08:07:02,,
019080da-1111-1111-1111-9ffaa600168e,1985-07-11 12:48:25,,
a8ff0d0a-1111-1111-1111-eea9f08db73a,1961-01-04 21:55:59,,
32924b95-1111-1111-1111-9a50ad9076fc,1965-05-29 15:16:16,,
ed750537-1111-1111-1111-b2a31b95d7fe,1969-04-09 19:58:27,,
599a4a2c-1111-1111-1111-00a2e2dc3d27,1978-05-04 11:04:58,,
5c5da0d0-1111-1111-1111-ea27d447f92e,1982-04-10 15:57:03,,
c45b2aa2-1111-1111-1111-78ea15b4a77d,1966-05-08 02:56:23,,
3cb4f7b4-1111-1111-1111-9b9ba43e9d38,1989-06-25 12:57:19,,
ed14001a-1111-1111-1111-f1f205e70270,1982-12-08 09:44:01,,
4685f170-1111-1111-1111-6a056e64a770,1962-10-13 21:12:21,,
4e3847ea-1111-1111-1111-091a94b66818,1981-10-08 11:16:36,,
e07cb93a-1111-1111-1111-3af60019fbb3,1989-05-01 17:56:32,,
01920edc-1111-1111-1111-6b0629c10521,1998-07-05 15:57:06,,
5e431f73-1111-1111-1111-34e0b1961fe0,1988-11-21 09:12:00,male,Adana
d2c6b839-1111-1111-1111-70f009bb6feb,1966-08-19 00:44:13,female,İstanbul
7fac84f4-1111-1111-1111-53a493c05bdc,1984-09-11 15:01:21,female,Ankara
fae79945-1111-1111-1111-70277fc3c055,1975-09-30 10:31:44,male,Adana
bb6823ec-1111-1111-1111-9abda8cc3182,1977-02-07 23:27:22,female,İzmir
0f763121-1111-1111-1111-3464b004b900,1984-06-29 22:29:32,female,İstanbul
25869bb8-1111-1111-1111-12c4f7dbdce4,1976-07-06 01:58:02,female,Bursa
39268fc9-1111-1111-1111-4e8ae359aed0,1992-10-21 15:42:30,male,Ankara
c84f4005-1111-1111-1111-f54eaa2aaf50,1987-12-19 07:34:40,female,İstanbul
6948e52f-1111-1111-1111-72c3916adc7a,1970-11-18 16:38:09,female,Ankara
ecccc27b-1111-1111-1111-93cca8ed6524,1985-09-14 02:25:37,female,İzmir
b982ddd7-1111-1111-1111-078fa9ab43c8,1962-04-06 17:24:58,female,Adana
36ad9a27-1111-1111-1111-10d84e49727e,1963-01-19 22:59:16,female,Ankara
1dd403ed-1111-1111-1111-5c0709ddeab8,1986-12-11 22:05:09,female,İzmir
650a6eee-1111-1111-1111-cffb57a66ff0,1964-04-03 09:15:45,female,Adana
26f516d9-1111-1111-1111-317977f1270e,1998-01-02 10:17:12,female,Ankara
4e18155b-1111-1111-1111-b909cdb9f817,1991-09-26 21:46:54,male,Ankara
752efd6e-1111-1111-1111-c4119ee047c7,1981-06-17 03:51:12,male,Adana
86b71f46-1111-1111-1111-6e1727bf7338,1996-12-02 10:44:32,female,Trabzon
334860e0-1111-1111-1111-d272a38e92d5,1972-02-07 16:09:17,female,İzmir
8e87636c-1111-1111-1111-f2f7ce09b835,1973-08-31 03:13:15,female,Adana
76a50449-1111-1111-1111-23ffdb2d695d,1984-09-23 06:57:45,female,Bursa
7804c0df-1111-1111-1111-8893ab97fd9c,1960-02-25 14:57:06,female,Ankara
60fac3cd-1111-1111-1111-8048b1e333ec,1970-11-04 08:04:10,male,Adana
39ac9a5e-1111-1111-1111-8b61947350ca,1995-08-08 07:23:50,female,Ankara
27f2796b-1111-1111-1111-1b21ef48c17a,1972-06-15 19:59:48,male,Adana
a5631252-1111-1111-1111-d50efc9364fc,1976-03-27 01:00:49,female,İzmir
1afe756a-1111-1111-1111-c16967be6b1e,1991-04-16 06:26:20,male,Adana
61f4c248-1111-1111-1111-5962c24cf1e9,1995-01-22 15:26:45,male,İzmir
c8c44e73-1111-1111-1111-191fd9cddf3c,1973-11-29 07:24:57,male,Bursa
f321f5f2-1111-1111-1111-b97ce8410636,1998-08-07 21:07:04,male,İstanbul
b0540321-1111-1111-1111-81c1d76ae370,1975-02-16 06:25:32,male,Trabzon
e7488d9a-1111-1111-1111-776a032f1994,1968-01-26 09:28:31,female,İzmir
0919b608-1111-1111-1111-6252ec1eb92f,1997-12-29 12:13:03,female,Bursa
c5e1e8f2-1111-1111-1111-904e4c7b6b2a,1997-05-31 09:20:57,female,İzmir
cd6f2739-1111-1111-1111-afbed297b9ef,1969-06-04 14:36:35,female,Trabzon
6b25b40a-1111-1111-1111-fb8909c1b9ff,1994-02-17 08:10:33,female,Adana
103387f5-1111-1111-1111-5c4aba7c4b98,1989-07-03 04:49:52,female,İzmir
54047102-1111-1111-1111-c8daf01c0662,1993-07-27 17:21:26,female,Adana
028dfe6c-1111-1111-1111-99573951dc69,1998-08-18 01:16:37,female,İstanbul
6e4f8d3e-1111-1111-1111-4120c650eeec,1996-06-14 23:17:07,female,Ankara
f628e8d4-1111-1111-1111-377105299b27,1976-10-31 16:50:07,male,Bursa
4bf44f93-1111-1111-1111-bddec6e35ed5,1969-02-05 15:42:32,female,Trabzon
f890b571-1111-1111-1111-2d340c77472a,1963-11-20 15:42:30,female,Adana
eb2dac54-1111-1111-1111-96344468cfd5,1961-07-12 16:41:21,male,Trabzon
d8a9083a-1111-1111-1111-25d3dad9dfcb,1981-04-01 21:18:26,female,İzmir
00473284-1111-1111-1111-2350f2180118,1974-07-12 08:04:29,female,Ankara
78f3044a-1111-1111-1111-7b160373572d,1963-06-21 10:26:08,female,Trabzon
940bfbe6-1111-1111-1111-0506260a0ba7,1972-07-08 17:29:36,female,İzmir
07eb520a-1111-1111-1111-bb079dab7d3e,1983-03-10 07:05:22,female,Adana
a5b28132-1111-1111-1111-43d41a8e6b18,1973-02-14 23:50:57,female,Bursa
334e307f-1111-1111-1111-98d88513e79d,1965-11-09 12:26:19,female,Adana
7f47a45e-1111-1111-1111-75f4cb767672,1980-03-11 00:24:36,male,Trabzon
2ab5095c-1111-1111-1111-1622bbd46c87,1966-04-01 16:34:19,female,Ankara
8203353c-1111-1111-1111-ff15ea883814,1968-06-19 20:38:11,female,Ankara
151d8e27-1111-1111-1111-07b4a5933089,1965-03-30 05:22:39,male,Trabzon
61e27f46-1111-1111-1111-5e460e55e2df,1975-04-04 12:14:10,male,Trabzon
adf97048-1111-1111-1111-94bd8cb6f023,1978-03-08 22:20:01,male,Adana
d4750884-1111-1111-1111-7bd6d1f2fe67,1998-08-06 20:28:05,female,İstanbul
0e468730-1111-1111-1111-d1f01ccc6392,1970-06-24 23:29:52,female,İstanbul
2ffe7f71-1111-1111-1111-de0dead313a7,1975-05-28 09:29:45,female,Adana
114f2ce6-1111-1111-1111-93f881bec0cd,1973-10-23 01:19:17,female,Bursa
00f67dce-1111-1111-1111-96983570cbe9,1979-09-05 03:59:29,male,Adana
5575f5c5-1111-1111-1111-369b763ba1c2,1967-08-09 01:11:33,female,Ankara
c2dfd7e7-1111-1111-1111-6195e17801b3,1999-07-20 19:44:07,male,Bursa
36ae8733-1111-1111-1111-e0ee188fed90,1977-07-07 02:38:09,male,İstanbul
645a3424-1111-1111-1111-e8de5fd54b20,1967-09-02 18:49:01,female,Ankara
f7688ad5-1111-1111-1111-ddc08432142a,1995-04-30 23:04:43,male,İstanbul
582ee02b-1111-1111-1111-6d31a0605076,1985-03-13 12:29:55,male,Bursa
5f7a1419-1111-1111-1111-2c98920bd4ff,1988-10-24 03:49:41,female,Trabzon
e8e4b3bc-1111-1111-1111-891efeaf322c,1991-05-15 04:52:28,male,Adana
2ac324f1-1111-1111-1111-204730f1d782,1967-11-27 23:05:03,female,Bursa
a9f2279c-1111-1111-1111-026249c49851,1993-02-05 20:21:22,female,Bursa
10ddc918-1111-1111-1111-1a77700c8be8,1997-03-27 13:15:01,male,Ankara
7d7b27c8-1111-1111-1111-fe2f92f5005b,1962-05-23 03:27:39,female,Trabzon
1a616696-1111-1111-1111-2d7338435f30,1979-12-29 03:19:35,male,Ankara
3bf801f5-1111-1111-1111-7947586600c1,1964-01-06 15:12:46,male,Adana
63aec8ca-1111-1111-1111-17353411796c,1960-08-11 14:14:17,male,Bursa
e135a8e4-1111-1111-1111-e5513ef0ec1a,1992-10-10 09:42:08,male,Trabzon
3a2e753d-1111-1111-1111-5bff739edb0d,1990-04-10 13:05:58,male,Trabzon
54b763be-1111-1111-1111-70b0ddb8a681,1986-10-17 19:22:51,female,Adana
2b471726-1111-1111-1111-a659bd1b7468,1961-12-15 03:55:22,female,Trabzon
749fa1c1-1111-1111-1111-0e033b6e4d43,1963-12-30 10:49:10,female,Trabzon
aefeb905-1111-1111-1111-c9b0d1da6fbd,1993-09-11 04:45:45,male,Ankara
45620c3a-1111-1111-1111-e02b85ba31a2,1973-10-12 23:16:41,female,Trabzon
094fd864-1111-1111-1111-69d1243ff1be,1990-04-18 01:09:02,male,İstanbul
19d7dc32-1111-1111-1111-07aff2bc1f97,1988-07-20 08:49:22,female,Adana
591cb2f0-1111-1111-1111-09312f6b887f,1990-02-17 23:35:31,female,Trabzon
ff37d6ff-1111-1111-1111-eba887c6c5e6,1968-11-18 06:12:24,female,Trabzon
d32ff63e-1111-1111-1111-513114d5a2dc,1981-04-21 06:09:23,female,Adana
571b1532-1111-1111-1111-36e482606361,1991-08-30 19:19:21,male,Bursa
cb569eaf-1111-1111-1111-cc2ce5fed44a,1962-07-19 03:54:06,male,Trabzon
3f78bcf1-1111-1111-1111-2c26331d4534,1972-06-28 04:31:46,male,İzmir
d508547d-1111-1111-1111-b705502d975b,1999-09-14 06:19:52,male,Trabzon
96ee3aa8-1111-1111-1111-647030679ca0,1973-01-04 04:15:45,male,İzmir
ec7a73c0-1111-1111-1111-0ce5aa20bf2b,1997-12-13 21:39:53,female,İzmir
b6df9a6a-1111-1111-1111-fcb0b45903a2,1996-03-03 03:58:09,male,İstanbul
8babcd26-1111-1111-1111-7448be2a8320,1992-02-19 23:10:20,male,Bursa
dd3af412-1111-1111-1111-38667996f3ec,1967-09-01 03:21:23,female,Adana
94716d7a-1111-1111-1111-5b8bfa25218f,1980-11-19 11:30:43,male,İzmir
4abcdf89-1111-1111-1111-00a585c998b2,1997-03-23 00:22:01,female,İstanbul
ff34956c-1111-1111-1111-0e30e88a3ee4,1989-06-08 17:47:27,male,İzmir
6bd0ca22-1111-1111-1111-80a41e7f704c,1991-11-26 02:03:01,male,Ankara
fc21d191-1111-1111-1111-cc306973714a,1997-01-12 19:55:27,female,İzmir
5274e685-1111-1111-1111-7da6be42ea32,1995-07-08 08:55:46,male,İstanbul
3f319bbe-1111-1111-1111-f5f5eee25c1b,1991-08-26 12:26:56,female,İzmir
26f7b5f6-1111-1111-1111-c32043b8b4a9,1963-12-02 05:24:55,female,İzmir
c4519604-1111-1111-1111-a33eba52efa9,1987-06-22 15:32:01,male,Trabzon
f25b234b-1111-1111-1111-b8a92bc69855,1976-01-21 16:10:54,male,İstanbul
6a7b00d2-1111-1111-1111-97896b6c4904,1987-11-15 01:01:42,female,İstanbul
b8dfd3ed-1111-1111-1111-685dd9af29c9,1994-04-30 14:01:21,female,Bursa
b50a61c7-1111-1111-1111-91b65bbec2f8,1992-04-06 05:43:42,female,Ankara
2971b5cc-1111-1111-1111-be2745d6e15e,1986-06-21 12:32:05,male,Adana
73a8943a-1111-1111-1111-0d27e443dc8d,1961-12-05 21:35:23,male,İstanbul
614dc4a6-1111-1111-1111-c3dada02e784,1999-10-08 07:33:18,male,Ankara
1d8bd79a-1111-1111-1111-67c0aa7a0876,1968-10-29 02:40:49,female,Ankara
24eb5a6b-1111-1111-1111-e28f2405de0c,1995-06-02 03:58:38,female,Adana
c444e323-1111-1111-1111-9e94d7f96dc0,1962-09-14 23:01:02,male,Trabzon
b39db1f6-1111-1111-1111-b30da60a6f28,1977-12-29 04:35:11,female,Ankara
97ba3695-1111-1111-1111-f8f726d5f723,1989-02-27 03:33:37,male,Bursa
6762b615-1111-1111-1111-a98e2563a4ee,1989-11-06 13:36:23,male,Bursa
494cafd2-1111-1111-1111-7a550c05fe7f,1974-09-30 05:17:10,female,Ankara
471dcd77-1111-1111-1111-8d6601904326,1975-04-10 21:03:16,male,Ankara
12726cab-1111-1111-1111-a049c8a33472,1985-03-22 11:42:50,male,Ankara
70012eba-1111-1111-1111-7a9dd7b56317,1994-08-14 01:56:34,male,Ankara
5031eac7-1111-1111-1111-175db4c6ea3f,1963-10-28 06:35:12,male,İzmir
6acc6c78-1111-1111-1111-3c7b1ae4516c,1973-11-17 05:17:37,female,İstanbul
90359f16-1111-1111-1111-e78cab85320d,1961-08-28 02:19:27,female,İstanbul
085f0355-1111-1111-1111-5ff1814421eb,1995-09-13 19:24:27,male,Bursa
bb65ed33-1111-1111-1111-084619598248,1978-02-22 02:40:39,female,İstanbul
9320d377-1111-1111-1111-3a363d5d5b10,1987-12-02 16:37:57,male,Ankara
cedbb51d-1111-1111-1111-331859e9f716,1969-01-01 23:16:26,male,İstanbul
6017f972-1111-1111-1111-9ff92227118c,1974-04-27 08:46:06,male,İzmir
9f6fb7f2-1111-1111-1111-9a4cb9112ff6,1968-07-31 12:59:43,female,Trabzon
3821102e-1111-1111-1111-d62f7283df75,1970-05-11 00:01:27,female,Adana
5cf2bb7a-1111-1111-1111-8f8644b5c2ad,1960-10-22 07:16:45,male,Bursa
d1197e16-1111-1111-1111-6c3d7a414a90,1981-01-10 18:43:49,male,İstanbul
55e947c0-1111-1111-1111-65e7c92aaee2,1978-08-07 09:10:26,male,Bursa
e738c826-1111-1111-1111-2301448654aa,1962-09-05 21:47:24,male,İstanbul
503c8377-1111-1111-1111-bdb017b311c9,1975-07-27 00:53:20,male,Bursa
f88a8480-1111-1111-1111-e16d5c5c67b9,1989-10-30 06:02:11,male,Bursa
6c5e1b57-1111-1111-1111-8184d576a075,1978-12-30 03:03:09,male,Adana
93f37e31-1111-1111-1111-8d04b26dda0a,1993-06-03 06:45:20,female,Adana
e02795ed-1111-1111-1111-41ac8361fadd,1962-08-31 13:35:12,female,Adana
23402fe0-1111-1111-1111-d9fc77bf857e,1988-03-05 06:45:32,female,Trabzon
6d4ac8a6-1111-1111-1111-9448744b8aab,1977-03-21 03:19:44,female,İzmir
5572d2cc-1111-1111-1111-cd5747d9cd33,1981-05-08 11:23:56,female,Adana
e0d3e78e-1111-1111-1111-ce7ff8eb898d,1983-10-29 06:34:37,female,Trabzon
38e8ad08-1111-1111-1111-6308220f09c5,1963-04-02 05:40:06,female,İstanbul
105cc2b8-1111-1111-1111-48bbad911292,1976-03-05 16:19:26,male,İzmir
ebf13978-1111-1111-1111-474355bbce70,1969-06-06 23:28:09,female,İzmir
da4e22f6-1111-1111-1111-35cd1d439178,1965-01-11 17:40:50,male,İstanbul
b52e3de9-1111-1111-1111-adc326062beb,1973-04-23 15:24:35,male,Trabzon
aa998622-1111-1111-1111-9d60a70839d2,1995-06-30 17:26:22,female,Adana
fb95ddd9-1111-1111-1111-44e41ea17b54,1992-04-25 05:24:27,male,Ankara
9cec82cc-1111-1111-1111-25ec17e75990,1979-07-07 05:33:24,male,Ankara
c39fd101-1111-1111-1111-acf1003dbe9e,1962-12-05 21:22:09,female,İzmir
594f622a-1111-1111-1111-7d79762c7065,1997-09-23 08:19:42,female,Trabzon
a93e8701-1111-1111-1111-4e387861294d,1993-09-06 07:40:12,male,İstanbul
72987e63-1111-1111-1111-faa48a0fbe51,1963-04-12 15:12:02,male,Bursa
d5668d2e-1111-1111-1111-df1e0c3cfb9a,1969-11-28 08:34:06,female,İstanbul
b96febec-1111-1111-1111-9675e6d43dc8,1963-07-27 05:20:39,female,Adana
f26e9c39-1111-1111-1111-cc4f2e345555,1981-05-10 03:12:14,male,Trabzon
df5f375f-1111-1111-1111-b91f6c2b8369,1981-08-21 16:47:35,male,Bursa
7042548b-1111-1111-1111-8aabcee0cca9,1983-12-25 21:55:50,male,Bursa
16a76bcf-1111-1111-1111-8ea67e5b0b09,1968-09-21 18:04:13,female,İzmir
d3940d7f-1111-1111-1111-7574be42dffc,1964-08-17 00:13:13,male,Bursa
b42cd61a-1111-1111-1111-d3f90f29339f,1963-03-08 14:35:00,male,Bursa
cf6a382c-1111-1111-1111-79b9eef3bf83,1963-11-30 07:54:08,female,İstanbul
d7afbb69-1111-1111-1111-7d069327a2ab,1963-04-30 02:08:20,male,Adana
f1cd10f4-1111-1111-1111-aa7ec318524c,1961-06-14 21:51:50,male,Bursa
1154d751-1111-1111-1111-2e2b3970978b,1971-09-08 17:01:05,male,Trabzon
614ef021-1111-1111-1111-53c823a35ac5,1986-04-01 07:41:49,male,Trabzon
0dea713f-1111-1111-1111-f6a2d15eeafa,1960-11-23 08:37:24,female,Adana
f02f8667-1111-1111-1111-9262f370c664,1985-02-01 06:46:45,female,İstanbul
eb06c02c-1111-1111-1111-0737c82368ca,1988-12-23 06:52:07,male,İzmir
43f5c843-1111-1111-1111-0941a74e4c6d,1964-08-17 12:23:21,male,Trabzon
4f6c4841-1111-1111-1111-81013db6bf02,1998-10-13 08:50:43,male,Trabzon
b1b4ef76-1111-1111-1111-4ab7fae9363c,1995-06-06 18:26:25,male,Trabzon
a4fea64a-1111-1111-1111-bbf1006bd73f,1994-10-11 13:08:35,female,Trabzon
e1be01d0-1111-1111-1111-d64787277c4e,1990-06-07 09:23:34,male,Adana
940160b8-1111-1111-1111-dbd0e8158a40,1968-05-16 18:56:41,female,Adana
b6757ac6-1111-1111-1111-cb8b790dee6a,1999-07-06 07:18:49,male,Adana
226cc413-1111-1111-1111-8f160458c47e,1978-02-07 03:07:09,male,Ankara
02c3092c-1111-1111-1111-6f899b5b3d87,1985-12-01 23:28:44,male,Adana
723838b2-1111-1111-1111-bc54cf567ea7,1985-12-04 00:39:53,female,Bursa
ec28be0a-1111-1111-1111-a4df57c2ed7e,1965-04-14 13:53:04,female,Trabzon
f2404abc-1111-1111-1111-826661c366d1,1993-08-23 15:03:42,male,Ankara
86498d94-1111-1111-1111-06a69fae9c99,1968-09-17 01:36:13,male,Ankara
4dceb9f5-1111-1111-1111-b505a3741347,1981-02-16 18:53:46,female,Trabzon
d48f4794-1111-1111-1111-65a92c829b39,1999-01-13 14:29:50,male,Bursa
2a563ed3-1111-1111-1111-70c4da1aea8a,1962-01-05 03:52:39,male,Bursa
40c086e3-1111-1111-1111-198e758ab778,1963-08-11 12:48:07,female,Ankara
71a948a3-1111-1111-1111-219b300dadea,1971-03-13 21:11:20,male,İstanbul
53e8d7f7-1111-1111-1111-8c0cf3acc6ca,1990-11-08 05:50:01,male,Ankara
f0e3fcb2-1111-1111-1111-88ed2e7de16d,1983-04-07 01:05:19,male,İstanbul
6f3db468-1111-1111-1111-12dd7a81ebcc,1969-11-03 13:45:36,female,İzmir
0d0b4844-1111-1111-1111-c74e83e596c3,1980-03-11 21:23:36,male,Adana
4bea7389-1111-1111-1111-9c9a34cd495b,1967-12-26 01:24:05,female,Ankara
94d32c13-1111-1111-1111-fdd706f9ad4e,1982-04-08 19:30:09,male,Trabzon
8c6629dd-1111-1111-1111-d38030ce9e8b,1970-06-22 09:47:21,male,Trabzon
1979b2a5-1111-1111-1111-dee336d46e09,1995-12-23 02:09:14,female,İstanbul
2959e6ca-1111-1111-1111-83f40262dc38,1982-12-23 19:25:16,male,İstanbul
4f93f042-1111-1111-1111-ff2edab321ce,1988-05-19 06:34:42,male,İzmir
cee6f07b-1111-1111-1111-740d72d288d0,1990-12-14 06:07:40,female,Bursa
e24e7256-1111-1111-1111-f5ed2db79b1f,1964-09-14 14:22:11,male,Trabzon
0900b964-1111-1111-1111-a3db85faaff2,1978-10-16 05:41:20,female,Trabzon
a85444cc-1111-1111-1111-b6f157b4c1a7,1987-08-22 09:30:07,male,İzmir
0b4b5bb0-1111-1111-1111-985c9ee3bfd6,1961-04-14 19:50:45,female,İzmir
de7b0864-1111-1111-1111-e73d927f5786,1968-03-31 07:16:42,male,Trabzon
6a79268f-1111-1111-1111-7695ec7f52d8,1968-09-27 22:29:47,female,Bursa
7683f416-1111-1111-1111-8901b9b98ed9,1966-11-02 17:09:54,male,Ankara
2c6d61bd-1111-1111-1111-da7e27ab09c0,1968-12-02 06:19:33,female,İzmir
94187371-1111-1111-1111-b7960a364b15,1977-06-01 17:15:55,female,İzmir
da213f5a-1111-1111-1111-01e2b035c300,1985-05-07 19:46:22,female,Adana
2812f0f3-1111-1111-1111-02852dadf539,1987-05-10 07:46:30,male,Trabzon
cf32c1e6-1111-1111-1111-f666e201aac5,1975-10-19 13:22:30,male,Adana
32d46a1c-1111-1111-1111-748d9da76309,1978-07-30 08:08:44,male,Bursa
0b52c9e2-1111-1111-1111-5b7d90728851,1998-07-10 07:53:00,male,Bursa
a34ea3f6-1111-1111-1111-9b3c3514feff,1998-02-01 06:42:49,female,Bursa
9ed37cf1-1111-1111-1111-4acf4441e6c2,1989-12-04 10:45:01,male,Adana
f5dc1346-1111-1111-1111-adaa8ab2cd07,1989-09-13 20:03:46,female,Bursa
04278a19-1111-1111-1111-69f131f345db,1960-08-10 20:35:39,male,İzmir
8c2b2597-1111-1111-1111-9b826e2d8bfd,1963-11-18 01:59:01,female,İstanbul
75522e4e-1111-1111-1111-a334fc56f1b9,1963-03-07 15:04:54,female,İzmir
8b6c447c-1111-1111-1111-6b0945e072a4,1987-10-02 01:39:32,male,İstanbul
d6bd302d-1111-1111-1111-30d05f2272b1,1973-08-19 18:05:44,male,İzmir
c4a175ea-1111-1111-1111-62c589bbbccb,1974-12-30 15:26:53,male,İstanbul
f483fe79-1111-1111-1111-79f6937e4b54,1970-10-31 10:36:11,male,İzmir
38c57d32-1111-1111-1111-cf5ef7dbf3e6,1995-07-26 19:49:01,female,İstanbul
069071e9-1111-1111-1111-a9a5fe50ddc9,1982-05-06 20:08:36,male,İzmir
6047d553-1111-1111-1111-4308c226be1e,1992-01-15 10:13:13,female,İzmir
4efd5730-1111-1111-1111-ad951092ad26,1997-03-15 14:42:15,male,Trabzon
82f935b7-1111-1111-1111-35be1f81f768,1985-01-22 02:48:28,female,İzmir
bc7ed0e5-1111-1111-1111-861e59e2e1cd,1989-09-16 11:32:26,male,Trabzon
48a111dd-1111-1111-1111-18c8fee9a087,1994-03-10 10:34:52,female,Ankara
40a829e0-1111-1111-1111-d3eaa1f3547f,1963-04-29 18:36:39,female,İstanbul
ab13c0e3-1111-1111-1111-71bcfdca8d59,1976-06-08 19:31:34,female,Adana
dec9e420-1111-1111-1111-01f475954a53,1999-04-10 07:23:14,female,Bursa
bf14c906-1111-1111-1111-e9aff1c8b834,1982-08-16 07:21:01,male,İstanbul
dbefaa4c-1111-1111-1111-130787bcae15,1984-12-11 08:17:28,female,İstanbul
23c82129-1111-1111-1111-0809f2eb6f16,1978-10-24 11:27:04,male,İzmir
6b7e660d-1111-1111-1111-befcecf14b62,1990-01-21 07:02:03,male,İstanbul
3bc2a22e-1111-1111-1111-bba201214206,1961-01-06 15:22:22,female,İzmir
14273a48-1111-1111-1111-a19416f25dd3,1981-10-20 18:38:39,male,Trabzon
fe37285a-1111-1111-1111-c37de3267dec,1979-10-05 13:33:58,male,Ankara
4a8fa1dd-1111-1111-1111-50bee7f82be6,1973-05-25 17:59:34,male,Ankara
34ea7f76-1111-1111-1111-f3734202fcb0,1970-01-16 21:19:05,male,Ankara
38fe27d7-1111-1111-1111-b0b35bfd6652,1972-04-17 03:11:20,female,Bursa
4ec02bb3-1111-1111-1111-0ccbc1023f20,1970-12-19 12:21:50,female,Ankara
1c91fb81-1111-1111-1111-301635777048,1976-10-12 09:21:11,female,İstanbul
8bd9d707-1111-1111-1111-f86a384bc66b,1987-04-12 08:11:50,male,İstanbul
5b78abd7-1111-1111-1111-86ed9dccb23b,1973-10-18 05:44:53,male,Adana
8b22ce80-1111-1111-1111-09826270b0fd,1992-02-03 17:48:02,male,İstanbul
c0c47118-1111-1111-1111-9ee078456b6a,1981-04-25 14:48:08,male,İzmir
07786695-1111-1111-1111-e96efe46c9ef,1984-11-06 15:00:36,female,Adana
4677acaf-1111-1111-1111-f1f88b436d7d,1971-06-30 18:25:45,male,Ankara
4457de18-1111-1111-1111-b883abb03229,1991-05-23 14:56:33,female,İstanbul
80c776d2-1111-1111-1111-2a774bbfa570,1973-05-23 02:11:18,male,Trabzon
ca48f821-1111-1111-1111-13e52f3fe9bc,1982-07-05 17:24:03,female,Adana
583b28c8-1111-1111-1111-e5a02fe5a639,1963-08-29 15:01:48,male,Trabzon
bf060475-1111-1111-1111-a3cfca684173,1983-06-11 08:48:15,female,İstanbul
aa010f8e-1111-1111-1111-153de4031fc6,1993-01-30 02:24:47,female,Trabzon
ede610d2-1111-1111-1111-d2dce6719bec,1960-07-29 18:02:27,female,Trabzon
4430cb53-1111-1111-1111-8b798ebc4de3,1975-12-12 04:40:16,male,İstanbul
a15f826c-1111-1111-1111-7d5c24bd4e5a,1983-12-21 21:58:45,male,Ankara
de31e421-1111-1111-1111-ddffc1e7b29d,1968-05-20 17:57:42,male,Bursa
1d0fa0eb-1111-1111-1111-9c27ff6501fa,1987-06-07 20:32:22,female,Adana
23a7cb33-1111-1111-1111-914ed74edd8a,1963-05-13 03:06:40,female,İstanbul
e40fb019-1111-1111-1111-7f4b0de6c2c5,1963-04-19 11:52:51,female,Adana
bc4dfadb-1111-1111-1111-b15d0f99f673,1997-02-26 21:16:24,male,İzmir
2f892a7a-1111-1111-1111-9953276c9af2,1971-04-12 05:46:17,male,Trabzon
0e112cc9-1111-1111-1111-adbb6ab09d1c,1988-04-22 19:55:31,female,Ankara
008abab3-1111-1111-1111-68adbd901236,1973-03-16 19:55:48,male,Adana
beae55ec-1111-1111-1111-b77b24094675,1982-08-10 16:14:43,male,Adana
c8d0dd22-1111-1111-1111-83f87fd44971,1970-10-22 16:14:15,male,İzmir
9b0c0929-1111-1111-1111-84bb0e5fed95,1983-12-24 12:15:02,male,Trabzon
ce441844-1111-1111-1111-7ffeb59a898f,1960-01-15 07:49:03,male,İstanbul
8da2be4c-1111-1111-1111-3587d20e4ec3,1997-02-19 14:15:26,female,Adana
783da35d-1111-1111-1111-16edfb196392,1966-01-14 00:11:40,male,Adana
6c6ec7d1-1111-1111-1111-86c7ca2b98fb,1975-07-17 16:12:49,female,İzmir
b4bae2c2-1111-1111-1111-dc89275752ef,1965-09-22 05:27:25,female,İstanbul
6574cc21-1111-1111-1111-685fa2e68751,1978-02-07 16:39:16,female,İstanbul
6ea13e9d-1111-1111-1111-34378c61b7ba,1964-09-18 22:27:12,male,Adana
57b658cf-1111-1111-1111-51edc8894460,1990-12-27 22:06:24,female,Ankara
abb24d40-1111-1111-1111-dc8ba505d78c,1981-11-21 06:03:57,female,Ankara
2108443e-1111-1111-1111-a2028478855c,1987-02-11 13:47:55,male,Bursa
3166d1b0-1111-1111-1111-015669b92e5a,1993-08-21 11:32:12,female,Bursa
f1a61bba-1111-1111-1111-c0ec3b23b9fe,1985-08-04 04:33:28,female,İzmir
427f31d0-1111-1111-1111-ce5b2d03a75b,1994-07-03 03:28:14,female,İzmir
304a0bb3-1111-1111-1111-b04fb02e433f,1981-01-15 22:26:20,female,Bursa
af48c62c-1111-1111-1111-6d6fd89b4f17,1998-04-10 10:10:43,female,Ankara
861deabf-1111-1111-1111-23ca925b996a,1999-05-09 04:10:55,male,Trabzon
69116f67-1111-1111-1111-31c27bd353fb,1984-02-25 21:25:15,female,Trabzon
829824f2-1111-1111-1111-fd0347774697,1972-05-21 05:04:22,female,Trabzon
0e84a070-1111-1111-1111-657e09a67a80,1960-06-20 19:15:14,male,Ankara
9c9fa747-1111-1111-1111-8503c05d880b,1961-03-30 04:28:30,male,Adana
e5d7460f-1111-1111-1111-d5cb5e7b73a8,1968-04-02 16:08:06,female,Ankara
163d60b9-1111-1111-1111-95d17f4a0272,1989-07-22 09:39:06,female,Adana
79e2c60a-1111-1111-1111-620029c9ad39,1974-10-02 04:35:45,female,İstanbul
b089329f-1111-1111-1111-f391a7bf860b,1966-11-17 02:55:58,female,Ankara
c19628b6-1111-1111-1111-a30d175dee1d,1994-02-08 20:44:27,male,İzmir
1ba60fcd-1111-1111-1111-8195e353a54d,1993-10-06 21:39:03,male,İzmir
6f85a4dc-1111-1111-1111-caf19fdc79e5,1981-07-02 13:23:01,female,Adana
f23465b2-1111-1111-1111-36422886128d,1978-04-19 10:13:10,male,İstanbul
dbd4f5c0-1111-1111-1111-3e32eb5ee796,1970-08-09 05:31:46,male,İstanbul
300a76d6-1111-1111-1111-37b1e691ab01,1962-09-04 21:41:15,male,İstanbul
7c5e9374-1111-1111-1111-5bb62140857a,1979-08-08 20:17:08,female,Trabzon
7ce7cd05-1111-1111-1111-1f98c3d9794b,1984-03-03 15:05:35,male,Ankara
5d72f0c4-1111-1111-1111-d241a5143745,1968-01-18 12:02:33,male,Trabzon
e204e36f-1111-1111-1111-aec3f7fde322,1993-01-21 23:34:15,female,Bursa
5ffcbd58-1111-1111-1111-b7a657b7435a,1995-06-02 23:42:31,male,İstanbul
a465f797-1111-1111-1111-b4536ee188a4,1992-11-20 16:19:15,female,Ankara
9e43252d-1111-1111-1111-0f009ab900e8,1998-12-15 08:26:37,male,Bursa
2fedc877-1111-1111-1111-174a1fb53723,1964-05-11 04:15:32,male,İzmir
146748fd-1111-1111-1111-fc4aec1812f8,1973-10-16 18:49:47,male,Bursa
ca1b9d31-1111-1111-1111-2c75e77cbd94,1994-01-03 08:13:19,male,Bursa
a159ba1d-1111-1111-1111-c8617b47e908,1977-08-10 06:24:03,male,Adana
8ef01865-1111-1111-1111-8e7521f4293f,1999-12-06 14:13:38,female,İstanbul
65d875ea-1111-1111-1111-62ed9d718e18,1975-07-23 13:01:36,female,Ankara
4de6ba37-1111-1111-1111-0c02a1d0f63b,1999-01-02 03:54:02,female,İzmir
7098c18f-1111-1111-1111-0866fb996741,1987-10-02 00:05:51,female,Trabzon
54f814ea-1111-1111-1111-13c174cb6b6e,1986-04-16 21:21:42,female,Bursa
6a9e4569-1111-1111-1111-705ecb4182a1,1997-03-26 18:35:17,male,Trabzon
db777305-1111-1111-1111-f057f43df4af,1977-11-14 16:31:54,male,Trabzon
a8368c06-1111-1111-1111-9023fd34471e,1983-05-22 01:37:56,female,Adana
e3ea84fb-1111-1111-1111-b6d049260413,1997-01-25 02:01:11,male,Adana
2877dda3-1111-1111-1111-a4fddef1bf88,1987-08-27 14:04:04,male,Ankara
2ae92a8c-1111-1111-1111-e78fe4b6fe21,1976-03-14 00:56:40,male,Ankara
a9639751-1111-1111-1111-909ddc03c256,1992-09-24 22:30:26,male,Ankara
acedf379-1111-1111-1111-6226d555a92b,1970-08-16 22:39:55,female,İzmir
df0089f4-1111-1111-1111-63f5b2baa1ac,1965-11-09 12:51:24,female,Bursa
2f24a273-1111-1111-1111-707340c9ecb3,1963-11-03 06:45:02,female,Ankara
50043035-1111-1111-1111-b56535483618,1965-11-18 13:24:15,female,Adana
7a093569-1111-1111-1111-9f0e91107dbf,1981-06-12 17:20:08,male,Ankara
bf5e6415-1111-1111-1111-9560fabe8429,1980-01-19 16:00:13,female,Adana
6304f231-1111-1111-1111-fdb69db8c2c0,1986-03-17 13:20:27,female,İzmir
3cb5eeaf-1111-1111-1111-8f5099a64a6a,1968-04-14 04:30:26,female,İstanbul
0f72b528-1111-1111-1111-92258b586d78,1993-09-15 23:12:37,female,Trabzon
029d0f21-1111-1111-1111-b57d9f7d24bf,1982-12-29 20:45:13,male,Ankara
c112ebc8-1111-1111-1111-2f5a37929da5,1985-07-13 14:31:02,female,Adana
ac2711d1-1111-1111-1111-0bad12af96dc,1977-02-16 21:59:24,female,Adana
62a5b2cc-1111-1111-1111-6c1f3150218f,1980-02-29 08:28:14,male,Trabzon
f59aad1d-1111-1111-1111-e40835cad3d0,1962-05-27 03:13:00,female,Trabzon
3b106033-1111-1111-1111-9daa7bbd23df,1992-05-31 01:21:44,male,Trabzon
8e283730-1111-1111-1111-4f3f117817e6,1975-09-12 14:34:33,female,İzmir
a5052413-1111-1111-1111-6150a6c8778e,1977-12-30 17:40:35,male,Adana
8f4b5674-1111-1111-1111-a009cb7c5296,1993-10-25 00:03:31,female,İstanbul
91eaf660-1111-1111-1111-2f9de73658b1,1974-03-19 02:21:07,female,Bursa
f336a841-1111-1111-1111-026eadf7bf52,1985-10-13 15:07:47,female,İzmir
719e1595-1111-1111-1111-b025a75b03e9,1972-05-29 21:25:45,female,Bursa
7be90fdc-1111-1111-1111-c4d12ed25ccd,1982-08-25 02:10:39,female,İzmir
810ca80f-1111-1111-1111-a4e894b4cd23,1995-01-03 21:22:04,female,Trabzon
b41dd902-1111-1111-1111-5c8161346e3c,1980-09-08 13:52:42,female,Bursa
395fff54-1111-1111-1111-45e8d2fdf3de,1992-03-20 17:11:20,male,Ankara
1a7635de-1111-1111-1111-77c0b1f484b3,1985-08-09 03:32:11,male,Bursa
b4eac042-1111-1111-1111-30812f150835,1979-05-28 00:04:01,female,Bursa
353a5c03-1111-1111-1111-df1177df5c9c,1967-09-26 08:43:37,female,Bursa
b5250d4f-1111-1111-1111-69378adf3640,1979-01-27 16:19:44,male,İstanbul
d5bbfc00-1111-1111-1111-edbc0ef84219,1968-05-04 18:09:52,male,Adana
634ebc95-1111-1111-1111-5963527efcba,1986-06-08 03:24:21,female,Adana
71f0fa38-1111-1111-1111-bd810bf8a784,1993-03-17 19:29:17,male,Bursa
a9f36b6a-1111-1111-1111-d1f9f35c7e85,1962-09-24 08:06:07,male,İzmir
1f7c2861-1111-1111-1111-f365646e8e24,1969-07-27 05:41:18,female,Trabzon
b5d5079c-1111-1111-1111-60d7fc99cac7,1973-06-11 18:26:36,male,İstanbul
aac3680e-1111-1111-1111-e52a7efc1140,1975-02-20 11:22:04,male,Trabzon
03e32107-1111-1111-1111-0515455c19ec,1974-04-06 03:27:01,female,İstanbul
22a6ba5c-1111-1111-1111-2275c3131e4e,1991-05-01 22:47:05,female,İstanbul
b7ac5034-1111-1111-1111-4d5cf4d356e9,1995-08-19 04:41:18,female,Bursa
e2016fcc-1111-1111-1111-5e3bc2773682,1981-02-17 03:43:05,female,İstanbul
90b13583-1111-1111-1111-8a4f3ce3d663,1998-01-04 20:24:09,male,Trabzon
8cd14b3d-1111-1111-1111-023ff3611a5e,1974-09-06 08:32:00,female,İstanbul
9e999289-1111-1111-1111-330039d03f01,1967-08-25 04:50:04,female,Bursa
60564ed4-1111-1111-1111-19a0639d8301,1964-01-05 02:02:06,female,Adana
fa51d45b-1111-1111-1111-a3ec7d2088ed,1996-07-14 07:54:47,female,İzmir
fbdcb3d5-1111-1111-1111-ba1647e4a22c,1977-01-09 20:17:19,female,Trabzon
de795d1a-1111-1111-1111-890790cd70da,1984-01-17 05:45:18,male,Ankara
20a01cde-1111-1111-1111-ecec442f7d44,1974-12-22 07:43:21,male,Bursa
baa927a2-1111-1111-1111-38f48797487c,1973-04-21 21:58:37,male,Adana
805f03e2-1111-1111-1111-67c2c1426582,1983-12-02 16:26:28,male,Adana
a35b3ff0-1111-1111-1111-d145f13e2a09,1969-10-20 16:08:49,female,İstanbul
81e76243-1111-1111-1111-ba35364402c0,1997-02-12 22:02:51,male,Adana
bc9f4cc8-1111-1111-1111-6619a9fb2f7f,1965-08-09 16:52:07,female,Ankara
462f1576-1111-1111-1111-a30f5bc940ae,1987-08-01 17:15:52,male,Adana
60cda9b6-1111-1111-1111-d0db4fe9a752,1984-12-27 07:03:12,female,İzmir
96f5b8c2-1111-1111-1111-6aa1d8c8bf74,1963-05-07 10:54:12,female,Trabzon
eef7b124-1111-1111-1111-a664854d3128,1992-12-28 04:23:45,male,İstanbul
c479e6f5-1111-1111-1111-326842505af1,1989-02-06 12:20:03,male,Adana
1d0e6b85-1111-1111-1111-f9f8e6790871,1998-08-22 21:31:19,female,Bursa
c7b1912e-1111-1111-1111-30e049f37749,1963-09-19 06:08:55,male,Bursa
d333f57c-1111-1111-1111-371ecc223ab2,1974-02-27 07:31:41,male,İzmir
73418d22-1111-1111-1111-ffdb01d6b093,1965-09-19 08:03:02,female,Bursa
cad72e77-1111-1111-1111-bc772ae50cd4,1990-12-31 10:22:52,female,Ankara
0cdaa9e8-1111-1111-1111-3ec24e0a4d88,1967-01-29 17:47:52,female,İzmir
5322d24a-1111-1111-1111-34bd28459e74,1986-11-23 11:26:19,female,Ankara
3d6a0fc3-1111-1111-1111-79a7eb0199e4,1986-03-04 02:11:48,male,İzmir
6d8fbb60-1111-1111-1111-be78faf4bd2f,1967-05-12 03:11:00,female,İstanbul
79358e74-1111-1111-1111-96320e9abfab,1999-09-28 16:52:26,male,İzmir
71491ead-1111-1111-1111-9d385ed81135,1977-09-07 05:12:16,male,İstanbul
c4367818-1111-1111-1111-04df2f2b90a0,1995-09-18 08:43:10,female,İstanbul
e67267ff-1111-1111-1111-0209bc716725,1979-07-21 08:54:26,male,İzmir
77ed8f89-1111-1111-1111-69f3b0e0e5cd,1993-01-02 14:29:40,female,Adana
7c9e3d58-1111-1111-1111-d21750e3011a,1979-12-28 04:00:18,male,Ankara
46a8e879-1111-1111-1111-50f59249ab0c,1996-02-22 02:31:46,male,Ankara
62801b7c-1111-1111-1111-bd8c1aed5c36,1980-05-10 21:11:58,male,Adana
1da12728-1111-1111-1111-f279766cd0c0,1978-03-03 23:24:12,male,Bursa
e76adce1-1111-1111-1111-f8b31413523e,1978-12-18 11:32:22,female,Bursa
3472d6ac-1111-1111-1111-3ea54ca97641,1991-06-23 10:55:26,female,Ankara
0ad7c1ef-1111-1111-1111-34a4262b3de7,1998-11-17 07:10:25,male,İstanbul
543a5848-1111-1111-1111-9700ffc82167,1969-07-05 13:56:15,female,Ankara
8683791b-1111-1111-1111-85621d2b4340,1990-03-11 05:27:22,female,Adana
e9fd56db-1111-1111-1111-b3b43c7dc052,1969-09-05 18:11:58,female,İstanbul
f5233114-1111-1111-1111-b051de929bf0,1979-01-15 02:12:55,female,Bursa
0f249549-1111-1111-1111-45f9aed44f84,1965-04-30 12:35:20,female,İstanbul
a4d06fa0-1111-1111-1111-b3fb5b766e5b,1979-03-24 22:35:12,male,Adana
60cf5115-1111-1111-1111-23b0f0ebc691,1993-07-01 16:08:07,male,İstanbul
f176be47-1111-1111-1111-0a424c6590c5,1992-04-07 13:18:01,male,Adana
d1e7cedc-1111-1111-1111-909113ae748b,1972-01-05 23:24:23,male,İstanbul
8a9c8aa0-1111-1111-1111-dbb007dd58e9,1986-08-21 04:28:14,female,İstanbul
5bb95cff-1111-1111-1111-0e3a1dbe62ea,1960-11-02 03:51:00,male,Ankara
7cfa0f5d-1111-1111-1111-476f1a9ed1da,1962-10-08 00:32:45,male,Adana
48792ff5-1111-1111-1111-2689a29ce3ad,1976-02-26 16:37:17,female,İzmir
9b1874d0-1111-1111-1111-f6048ff39638,1970-07-15 04:43:18,male,Bursa
829b1051-1111-1111-1111-2db2515055c4,1995-08-24 08:04:57,male,İzmir
c9231067-1111-1111-1111-995e6425f2c9,1995-05-16 20:34:50,female,İzmir
d3f7cc80-1111-1111-1111-9adc62b17d7d,1996-06-20 17:22:38,female,Trabzon
554e6c45-1111-1111-1111-d4ae3b928349,1972-12-28 19:36:17,male,Adana
4f6bfa18-1111-1111-1111-f8215007f792,1970-11-03 11:49:02,male,İstanbul
0a1cfeff-1111-1111-1111-9420bac71367,1976-02-26 19:50:19,male,Ankara
5a0719f4-1111-1111-1111-335041148ef7,1977-03-07 23:59:20,female,Trabzon
66ad1d24-1111-1111-1111-51f0b6cc223c,1984-10-29 12:42:15,male,İzmir
bd91c2ba-1111-1111-1111-cd4a3cca0135,1974-02-24 10:36:56,female,Trabzon
9dd1f46c-1111-1111-1111-ac37145b54e9,1988-07-14 00:45:57,male,İstanbul
f84d4e5f-1111-1111-1111-8813ea9a1c31,1975-06-11 21:26:56,female,Bursa
80eb1606-1111-1111-1111-becff6191bf3,1974-10-25 11:03:45,male,İzmir
05775d69-1111-1111-1111-9f2a942ddf47,1972-10-17 06:41:14,female,Bursa
7e75e109-1111-1111-1111-e10898c600ce,1973-06-17 17:33:37,female,Adana
31a5eb71-1111-1111-1111-926f9a436a26,1981-05-13 10:59:01,female,İzmir
34e56555-1111-1111-1111-da66e3a41a57,1976-03-08 17:48:42,male,Bursa
92b2d619-1111-1111-1111-8992e5997a13,1994-01-02 06:37:54,female,İstanbul
291a7105-1111-1111-1111-7d5297e0f744,1978-02-15 15:45:03,female,İzmir
0e69d050-1111-1111-1111-7333272156c5,1997-12-18 10:19:25,male,Trabzon
238636e9-1111-1111-1111-405db6531c08,1965-06-26 04:13:25,female,Trabzon
6b99a34c-1111-1111-1111-6ce2a29b2a43,1972-01-29 01:04:27,female,İstanbul
dba4299a-1111-1111-1111-55361b41b6ca,1967-11-26 22:36:53,female,Trabzon
b1ef798f-1111-1111-1111-e27c15562d96,1998-01-23 22:34:57,male,Trabzon
0c712669-1111-1111-1111-d7cd95a43ec7,1997-04-08 03:47:02,female,İzmir
e3a8063c-1111-1111-1111-e0e177d8ecea,1970-12-22 12:42:59,female,Bursa
2a4cee5f-1111-1111-1111-3b5a0adaf828,1994-12-18 23:15:40,female,İstanbul
ce7b386b-1111-1111-1111-01bea7afbefa,1983-08-18 16:58:47,male,İzmir
bec28ddb-1111-1111-1111-952c455f0a8e,1976-01-11 02:01:38,female,İzmir
15c0e1af-1111-1111-1111-a195ae295520,1961-08-14 22:50:07,male,Adana
1d2d3939-1111-1111-1111-03a4124e54cc,1975-01-29 20:06:00,female,Adana
ec4e3d4f-1111-1111-1111-ad71ad02d4b9,1972-11-09 10:31:16,female,İstanbul
a70b1f4c-1111-1111-1111-52bc3f23fdd8,1963-10-19 20:10:06,female,Ankara
a838c984-1111-1111-1111-fb6a295d0899,1965-05-19 04:03:44,female,Ankara
324077dc-1111-1111-1111-0024a65e5e23,1993-11-29 17:58:33,male,Adana
04f58c53-1111-1111-1111-9388df5eac3a,1988-09-07 22:15:29,female,İzmir
fd1cf1f2-1111-1111-1111-14cb6eb16234,1978-05-20 07:54:20,male,İstanbul
51448556-1111-1111-1111-946f51860001,1967-10-12 05:54:22,male,İzmir
d074969e-1111-1111-1111-20c060a02857,1979-06-29 01:07:10,female,Trabzon
fbf1559b-1111-1111-1111-1ba5a16c5794,1997-08-28 04:35:00,male,İzmir
cb69f59e-1111-1111-1111-55bde9cd86df,1965-04-02 22:50:29,female,Trabzon
7e1a3f98-1111-1111-1111-9c3a75fa59ac,1962-01-04 16:21:48,female,İstanbul
71e40070-1111-1111-1111-a5206c71ebaf,1978-04-07 07:52:39,female,Bursa
b7c11384-1111-1111-1111-f36e6951d759,1983-01-29 14:45:09,male,İstanbul
64407e1b-1111-1111-1111-0fe1796a398b,1995-07-24 01:26:33,male,Adana
b4098db1-1111-1111-1111-56fdb655eb0c,1987-05-25 23:54:27,female,Ankara
733d1fba-1111-1111-1111-e54f2025b709,1994-08-17 23:27:41,male,İstanbul
30199c95-1111-1111-1111-191cd4c04462,1961-11-25 00:11:58,male,İstanbul
71b23fd1-1111-1111-1111-ef81e5634e12,1990-11-05 07:10:15,male,Bursa
7d68e6bd-1111-1111-1111-923361c69a52,1972-12-18 09:58:43,male,İstanbul
a2be19bd-1111-1111-1111-920e0c4950a9,1988-12-09 21:01:05,male,Adana
8e68efc8-1111-1111-1111-66e88bb4d796,1967-10-18 18:27:31,male,Trabzon
b44e63c5-1111-1111-1111-dd194fc37491,1966-04-16 07:37:53,female,Trabzon
a4d18f48-1111-1111-1111-69e9be4a584c,1988-10-04 00:48:02,male,Trabzon
c42210c5-1111-1111-1111-3ac9efa5ccac,1961-12-01 03:15:36,male,Adana
bb078721-1111-1111-1111-dac6310922d3,1992-06-06 18:01:34,female,Bursa
ec657813-1111-1111-1111-2399ab669717,1989-10-13 14:36:13,male,İstanbul
1756dd97-1111-1111-1111-5ba2e07c35a1,1985-05-13 11:50:59,female,Ankara
0548045e-1111-1111-1111-deea7bf7b6a1,1973-09-16 12:12:55,male,Adana
a8bd9ab9-1111-1111-1111-ec1233e33cd0,1971-09-01 11:58:09,female,Adana
6c23912b-1111-1111-1111-c1fa47c09443,1977-11-29 11:38:52,male,Ankara
da3efaec-1111-1111-1111-090fb03a3d8a,1977-12-15 05:07:59,male,Trabzon
2ddbd71d-1111-1111-1111-a614b7e6d417,1986-10-22 00:46:58,female,Ankara
abd2ded8-1111-1111-1111-99a8e4081775,1984-08-24 22:27:55,female,Adana
ca7e076d-1111-1111-1111-ae7c1b7eb059,1974-08-17 06:44:41,male,İzmir
dd71a6eb-1111-1111-1111-bd988ce87e4e,1976-12-28 06:12:18,female,Adana
6c981812-1111-1111-1111-f9b2898f80be,1996-08-23 13:41:25,female,Ankara
803ddb5f-1111-1111-1111-96a6bb14ba1e,1975-01-27 15:41:11,female,Bursa
600cddeb-1111-1111-1111-51ad1134f080,1973-01-17 06:33:14,female,Adana
74d27377-1111-1111-1111-c5ac3d00866a,1970-12-19 00:57:13,female,Bursa
c3e45e21-1111-1111-1111-985704cbdbb9,1969-11-14 02:02:30,male,İstanbul
d0edab05-1111-1111-1111-1ee21aef6fb8,1964-12-24 10:00:34,male,Adana
b00792c3-1111-1111-1111-1d243c6b4c50,1988-05-04 17:59:56,male,Adana
083163c4-1111-1111-1111-a191ec76b89f,1995-11-16 17:12:20,female,Bursa
4184d304-1111-1111-1111-8270b83de582,1987-03-14 09:37:11,male,Ankara
7bedfa70-1111-1111-1111-b16e02cfd9c2,1991-12-11 14:32:06,male,İstanbul
0026d565-1111-1111-1111-fbbe8bcdbc4d,1976-11-09 04:24:23,male,Bursa
3ce4b68f-1111-1111-1111-c6812e4d9236,1969-09-03 01:51:38,male,Trabzon
60df235e-1111-1111-1111-4d1e49e55886,1979-12-05 11:27:18,male,Bursa
9e71afbe-1111-1111-1111-fc9121ff59a3,1960-03-25 23:40:50,female,Trabzon
54f18a4f-1111-1111-1111-cd3195867939,1990-05-12 15:11:24,male,İstanbul
c91b2f77-1111-1111-1111-440895503672,1991-06-26 22:38:57,male,İzmir
fc00ee4b-1111-1111-1111-8054b33b4e9f,1984-03-11 21:34:35,male,Ankara
e3d0a2fa-1111-1111-1111-6a43cc322c61,1968-03-03 14:28:58,male,Bursa
72070a61-1111-1111-1111-171574df99a5,1991-02-23 17:46:24,female,Bursa
5a501f38-1111-1111-1111-f45b78700135,1972-08-18 11:11:36,male,İzmir
a7c2d0c7-1111-1111-1111-470883264296,1985-10-25 14:32:42,female,Bursa
f09fa9a4-1111-1111-1111-5db0cac2cfa0,1974-02-05 23:11:59,male,İzmir
29aa9d32-1111-1111-1111-b0053fd926d9,1986-09-12 14:44:58,male,Ankara
40e686b8-1111-1111-1111-c40f8169f09d,1984-03-02 08:59:35,female,İstanbul
5b78ffb2-1111-1111-1111-3f64b34c668f,1991-04-14 07:55:50,male,Trabzon
e295d48b-1111-1111-1111-e24c13ddc38b,1967-03-10 01:37:28,female,Adana
9fd6fce9-1111-1111-1111-d8ac2d172370,1996-07-19 18:22:02,male,Bursa
9b2633a3-1111-1111-1111-9004347f11d9,1999-12-30 23:39:03,male,Ankara
