user_id,credit_id,credit_amount,credit_service_fee,credit_auto_repayment,app_name
abc83f92-1111-1111-1111-a44e13e59424,50610,3.7,0.0,1,Dummy App 1
234a4125-1111-1111-1111-99a3937a1ecc,56121,29.15,0.0,1,Dummy App 1
1ddccacc-1111-1111-1111-de05fd293612,90554,62.3,0.0,1,Dummy App 1
d0c9873b-1111-1111-1111-202a40bcac0d,24603,6.17,0.0,1,Dummy App 1
22c5d2c9-1111-1111-1111-5cb484bdc869,66108,7.6,0.0,1,Dummy App 1
d0af84b7-1111-1111-1111-19a2b9a95e67,71199,139.75,0.0,1,Dummy App 1
d5c6b542-1111-1111-1111-45f90fd37717,63395,211.67,0.0,0,Dummy App 1
fb579f9c-1111-1111-1111-e56ab9a8916c,67525,16.01,0.0,1,Dummy App 1
64ff408f-1111-1111-1111-429c96133822,15404,113.95,0.0,1,Dummy App 1
efef8259-1111-1111-1111-53087efbea97,64017,37.33,0.0,1,Dummy App 1
d896b8a7-1111-1111-1111-d9bdfb006249,34346,96.79,0.0,1,Dummy App 1
8d4d0515-1111-1111-1111-66803cf684b2,45398,420.9,0.0,1,Dummy App 1
001a3153-1111-1111-1111-9bac5d74e813,53125,38.25,0.0,1,Dummy App 1
e04ae19e-1111-1111-1111-fde3bb20277d,48653,146.95,0.0,1,Dummy App 1
1353830d-1111-1111-1111-60f8f0ac5e37,58213,8.89,0.0,1,Dummy App 1
6ae0f213-1111-1111-1111-c7c66b137843,54199,12.0,0.0,1,Dummy App 1
9e42a468-1111-1111-1111-f0f7d5a9ad7f,72873,20.8,0.0,1,Dummy App 1
e7c4c52c-1111-1111-1111-1caf465c7dcd,67008,47.75,0.0,0,Dummy App 1
c4b35218-1111-1111-1111-0152eeb2c45f,59623,189.72,0.0,1,Dummy App 1
46c1ded5-1111-1111-1111-30545baf6cea,56522,218.85,0.0,1,Dummy App 1
c554e743-1111-1111-1111-1a67694a0246,17873,111.32,0.0,1,Dummy App 1
50730844-1111-1111-1111-f9f7d01298c8,94795,8.69,0.0,1,Dummy App 1
8db9046d-1111-1111-1111-a090108b3300,62578,496.2,0.0,1,Dummy App 1
26c7beb0-1111-1111-1111-f99c5018af8c,70120,68.35,0.0,1,Dummy App 1
d33f1952-1111-1111-1111-5c437cc70988,94055,100.28,0.0,0,Dummy App 1
ee601a9a-1111-1111-1111-00f9daa056f8,56401,15.5,0.0,1,Dummy App 1
3c0a2e88-1111-1111-1111-5b2e2dff033f,94608,95.33,0.0,1,Dummy App 1
e2a08dad-1111-1111-1111-3568e8c5a9da,31166,51.0,0.0,1,Dummy App 1
7ab326e6-1111-1111-1111-aa19aec7fda2,16806,18.8,0.0,1,Dummy App 1
872fc072-1111-1111-1111-2197f057f4db,66111,21.5,0.0,1,Dummy App 1
ee3f3e04-1111-1111-1111-9df1dc995efe,23300,34.3,0.0,1,Dummy App 1
42d9aee6-1111-1111-1111-b2e4ece4b4e9,35956,89.6,0.0,1,Dummy App 1
3d218944-1111-1111-1111-dd528ade495c,24968,163.95,0.0,1,Dummy App 1
1db0267e-1111-1111-1111-aec0e972e209,72997,124.0,0.0,1,Dummy App 1
09888bbe-1111-1111-1111-72021168cc9e,16300,2.95,0.0,1,Dummy App 1
73bcd265-1111-1111-1111-7ab39d284960,55668,69.05,0.0,1,Dummy App 1
d83cbded-1111-1111-1111-8d3c1b54109c,26033,58.5,0.0,1,Dummy App 1
52c8c241-1111-1111-1111-22292588a79c,29873,246.7,0.0,1,Dummy App 1
6802017a-1111-1111-1111-cfa5ccc1341c,86921,135.63,0.0,0,Dummy App 1
5a748f24-1111-1111-1111-540deb6a5938,43117,369.96,0.0,1,Dummy App 1
da51624c-1111-1111-1111-995b00d2708f,36261,2.85,0.0,1,Dummy App 1
5d52c557-1111-1111-1111-38ba813d382c,88901,188.15,0.0,0,Dummy App 1
c2d5bc8f-1111-1111-1111-4188b243621f,10778,117.03,0.0,1,Dummy App 1
369a73a7-1111-1111-1111-c72de4118d31,17432,2.37,0.0,1,Dummy App 1
019080da-1111-1111-1111-9ffaa600168e,13992,61.0,0.0,1,Dummy App 1
a8ff0d0a-1111-1111-1111-eea9f08db73a,85676,100.0,1.5,1,Dummy App 2
32924b95-1111-1111-1111-9a50ad9076fc,38431,16.0,0.0,1,Dummy App 1
ed750537-1111-1111-1111-b2a31b95d7fe,62647,182.35,0.0,1,Dummy App 1
599a4a2c-1111-1111-1111-00a2e2dc3d27,65040,4.8,0.0,1,Dummy App 1
5c5da0d0-1111-1111-1111-ea27d447f92e,34409,83.65,0.0,1,Dummy App 1
c45b2aa2-1111-1111-1111-78ea15b4a77d,19142,15.0,0.0,1,Dummy App 1
3cb4f7b4-1111-1111-1111-9b9ba43e9d38,97442,16.0,0.0,1,Dummy App 1
ed14001a-1111-1111-1111-f1f205e70270,87957,54.8,0.0,0,Dummy App 1
4685f170-1111-1111-1111-6a056e64a770,47142,36.75,0.0,1,Dummy App 1
4e3847ea-1111-1111-1111-091a94b66818,47041,4.5,0.0,1,Dummy App 1
e07cb93a-1111-1111-1111-3af60019fbb3,22638,5.9,0.0,1,Dummy App 1
01920edc-1111-1111-1111-6b0629c10521,14478,70.59,0.0,1,Dummy App 1
30307faf-1111-1111-1111-d3ae1e971cc4,41606,15.58,0.0,1,Dummy App 1
232dd4db-1111-1111-1111-5ff8451225a4,80097,220.6,0.0,0,Dummy App 1
5e431f73-1111-1111-1111-34e0b1961fe0,37624,83.17,0.0,1,Dummy App 1
d2c6b839-1111-1111-1111-70f009bb6feb,58800,279.05,0.0,1,Dummy App 1
7fac84f4-1111-1111-1111-53a493c05bdc,40913,252.58,0.0,1,Dummy App 1
fae79945-1111-1111-1111-70277fc3c055,97750,26.25,0.0,1,Dummy App 1
bb6823ec-1111-1111-1111-9abda8cc3182,29616,13.0,0.0,1,Dummy App 1
0f763121-1111-1111-1111-3464b004b900,42460,131.62,0.0,1,Dummy App 1
25869bb8-1111-1111-1111-12c4f7dbdce4,99319,3.5,0.0,1,Dummy App 1
39268fc9-1111-1111-1111-4e8ae359aed0,93259,8.85,0.0,1,Dummy App 1
c84f4005-1111-1111-1111-f54eaa2aaf50,20888,10.0,0.0,1,Dummy App 1
6948e52f-1111-1111-1111-72c3916adc7a,19656,16.5,0.0,1,Dummy App 1
ecccc27b-1111-1111-1111-93cca8ed6524,61231,14.88,0.0,1,Dummy App 1
b982ddd7-1111-1111-1111-078fa9ab43c8,76832,179.75,0.0,1,Dummy App 1
36ad9a27-1111-1111-1111-10d84e49727e,93067,255.15,0.0,1,Dummy App 1
1dd403ed-1111-1111-1111-5c0709ddeab8,47873,74.0,2.5,1,Dummy App 2
650a6eee-1111-1111-1111-cffb57a66ff0,30263,42.0,0.0,1,Dummy App 1
26f516d9-1111-1111-1111-317977f1270e,21583,32.21,1.0,0,Dummy App 2
4e18155b-1111-1111-1111-b909cdb9f817,66973,14.2,0.0,0,Dummy App 1
752efd6e-1111-1111-1111-c4119ee047c7,16824,3.7,0.0,1,Dummy App 1
86b71f46-1111-1111-1111-6e1727bf7338,18476,489.54,0.0,1,Dummy App 1
334860e0-1111-1111-1111-d272a38e92d5,84167,211.64,0.0,0,Dummy App 1
8e87636c-1111-1111-1111-f2f7ce09b835,38047,48.9,0.0,1,Dummy App 1
76a50449-1111-1111-1111-23ffdb2d695d,78450,81.02,0.0,1,Dummy App 1
7804c0df-1111-1111-1111-8893ab97fd9c,96320,92.85,0.0,0,Dummy App 1
60fac3cd-1111-1111-1111-8048b1e333ec,25569,39.07,0.0,1,Dummy App 1
39ac9a5e-1111-1111-1111-8b61947350ca,53856,170.91,0.0,0,Dummy App 1
27f2796b-1111-1111-1111-1b21ef48c17a,54906,53.0,0.0,1,Dummy App 1
a5631252-1111-1111-1111-d50efc9364fc,67802,30.0,0.0,1,Dummy App 1
1afe756a-1111-1111-1111-c16967be6b1e,88521,16.67,0.0,0,Dummy App 1
61f4c248-1111-1111-1111-5962c24cf1e9,61046,14.25,0.0,1,Dummy App 1
c8c44e73-1111-1111-1111-191fd9cddf3c,95229,55.02,0.0,1,Dummy App 1
f321f5f2-1111-1111-1111-b97ce8410636,66564,4.7,0.0,1,Dummy App 1
b0540321-1111-1111-1111-81c1d76ae370,98863,7.45,0.0,1,Dummy App 1
e7488d9a-1111-1111-1111-776a032f1994,49816,62.01,0.0,1,Dummy App 1
0919b608-1111-1111-1111-6252ec1eb92f,42897,19.5,0.0,0,Dummy App 1
c5e1e8f2-1111-1111-1111-904e4c7b6b2a,68797,68.3,0.0,1,Dummy App 1
cd6f2739-1111-1111-1111-afbed297b9ef,25255,63.58,0.0,1,Dummy App 1
6b25b40a-1111-1111-1111-fb8909c1b9ff,98853,24.0,0.0,1,Dummy App 1
103387f5-1111-1111-1111-5c4aba7c4b98,83427,38.65,0.0,1,Dummy App 1
54047102-1111-1111-1111-c8daf01c0662,38882,99.75,0.0,1,Dummy App 1
028dfe6c-1111-1111-1111-99573951dc69,13531,178.9,0.0,1,Dummy App 1
6e4f8d3e-1111-1111-1111-4120c650eeec,45495,65.45,0.0,1,Dummy App 1
f628e8d4-1111-1111-1111-377105299b27,27958,97.49,0.0,1,Dummy App 1
4bf44f93-1111-1111-1111-bddec6e35ed5,39595,63.67,0.0,1,Dummy App 1
f890b571-1111-1111-1111-2d340c77472a,58305,28.2,0.0,0,Dummy App 1
eb2dac54-1111-1111-1111-96344468cfd5,96582,18.5,0.0,1,Dummy App 1
d8a9083a-1111-1111-1111-25d3dad9dfcb,97703,36.05,0.0,1,Dummy App 1
00473284-1111-1111-1111-2350f2180118,62415,34.15,0.0,1,Dummy App 1
78f3044a-1111-1111-1111-7b160373572d,21894,61.5,0.0,1,Dummy App 1
940bfbe6-1111-1111-1111-0506260a0ba7,48234,29.0,0.0,1,Dummy App 1
07eb520a-1111-1111-1111-bb079dab7d3e,59735,74.2,0.0,0,Dummy App 1
a5b28132-1111-1111-1111-43d41a8e6b18,61373,74.9,0.0,1,Dummy App 1
334e307f-1111-1111-1111-98d88513e79d,22417,93.45,0.0,1,Dummy App 1
7f47a45e-1111-1111-1111-75f4cb767672,85408,8.64,0.0,1,Dummy App 1
2ab5095c-1111-1111-1111-1622bbd46c87,29436,134.55,0.0,1,Dummy App 1
8203353c-1111-1111-1111-ff15ea883814,11565,69.08,0.0,1,Dummy App 1
151d8e27-1111-1111-1111-07b4a5933089,39664,45.8,0.0,1,Dummy App 1
61e27f46-1111-1111-1111-5e460e55e2df,20304,17.0,0.0,1,Dummy App 1
adf97048-1111-1111-1111-94bd8cb6f023,27611,89.55,0.0,1,Dummy App 1
d4750884-1111-1111-1111-7bd6d1f2fe67,83846,80.1,0.0,1,Dummy App 1
0e468730-1111-1111-1111-d1f01ccc6392,37858,63.0,0.0,1,Dummy App 1
2ffe7f71-1111-1111-1111-de0dead313a7,87663,23.29,0.0,1,Dummy App 1
114f2ce6-1111-1111-1111-93f881bec0cd,95779,153.4,0.0,0,Dummy App 1
00f67dce-1111-1111-1111-96983570cbe9,29379,230.0,0.0,0,Dummy App 2
5575f5c5-1111-1111-1111-369b763ba1c2,16570,173.33,0.0,1,Dummy App 1
c2dfd7e7-1111-1111-1111-6195e17801b3,90783,149.88,0.0,1,Dummy App 1
36ae8733-1111-1111-1111-e0ee188fed90,79378,105.23,0.0,1,Dummy App 1
645a3424-1111-1111-1111-e8de5fd54b20,28616,235.57,0.0,1,Dummy App 1
f7688ad5-1111-1111-1111-ddc08432142a,77706,100.0,2.5,1,Dummy App 2
582ee02b-1111-1111-1111-6d31a0605076,45538,18.2,0.0,1,Dummy App 1
5f7a1419-1111-1111-1111-2c98920bd4ff,79329,100.0,1.5,1,Dummy App 2
e8e4b3bc-1111-1111-1111-891efeaf322c,15813,154.0,0.0,0,Dummy App 1
2ac324f1-1111-1111-1111-204730f1d782,81196,2.6,0.0,1,Dummy App 1
a9f2279c-1111-1111-1111-026249c49851,98762,110.29,0.0,1,Dummy App 1
10ddc918-1111-1111-1111-1a77700c8be8,51808,4.25,0.0,1,Dummy App 1
7d7b27c8-1111-1111-1111-fe2f92f5005b,10183,160.04,0.0,1,Dummy App 2
1a616696-1111-1111-1111-2d7338435f30,35470,15.0,0.0,1,Dummy App 1
3bf801f5-1111-1111-1111-7947586600c1,23970,152.65,0.0,1,Dummy App 1
63aec8ca-1111-1111-1111-17353411796c,60188,14.29,0.0,1,Dummy App 1
e135a8e4-1111-1111-1111-e5513ef0ec1a,83681,156.25,0.0,1,Dummy App 1
3a2e753d-1111-1111-1111-5bff739edb0d,76228,93.66,0.0,1,Dummy App 1
54b763be-1111-1111-1111-70b0ddb8a681,69353,62.23,0.0,1,Dummy App 1
2b471726-1111-1111-1111-a659bd1b7468,63726,35.15,0.0,1,Dummy App 1
749fa1c1-1111-1111-1111-0e033b6e4d43,80152,150.0,0.0,0,Dummy App 2
aefeb905-1111-1111-1111-c9b0d1da6fbd,66080,33.05,0.0,1,Dummy App 1
45620c3a-1111-1111-1111-e02b85ba31a2,13077,45.66,0.0,1,Dummy App 1
094fd864-1111-1111-1111-69d1243ff1be,67704,24.45,0.0,1,Dummy App 1
19d7dc32-1111-1111-1111-07aff2bc1f97,98614,63.87,0.0,1,Dummy App 1
591cb2f0-1111-1111-1111-09312f6b887f,73829,185.0,0.0,1,Dummy App 1
872fc072-1111-1111-1111-2197f057f4db,75723,19.5,0.0,1,Dummy App 1
ff37d6ff-1111-1111-1111-eba887c6c5e6,93434,125.04,0.0,1,Dummy App 1
d32ff63e-1111-1111-1111-513114d5a2dc,60766,22.5,0.0,1,Dummy App 1
fb579f9c-1111-1111-1111-e56ab9a8916c,93410,80.04,0.0,1,Dummy App 1
571b1532-1111-1111-1111-36e482606361,88173,9.25,0.0,1,Dummy App 1
cb569eaf-1111-1111-1111-cc2ce5fed44a,18552,33.9,0.0,1,Dummy App 1
3f78bcf1-1111-1111-1111-2c26331d4534,46307,34.65,0.0,1,Dummy App 1
d508547d-1111-1111-1111-b705502d975b,37516,168.65,0.0,1,Dummy App 1
96ee3aa8-1111-1111-1111-647030679ca0,12301,123.95,0.0,0,Dummy App 1
ec7a73c0-1111-1111-1111-0ce5aa20bf2b,91487,16.0,0.0,1,Dummy App 1
b6df9a6a-1111-1111-1111-fcb0b45903a2,99433,26.6,0.0,1,Dummy App 1
8babcd26-1111-1111-1111-7448be2a8320,40185,118.87,0.0,1,Dummy App 1
dd3af412-1111-1111-1111-38667996f3ec,78974,19.23,0.0,1,Dummy App 1
94716d7a-1111-1111-1111-5b8bfa25218f,35033,128.35,0.0,1,Dummy App 1
4abcdf89-1111-1111-1111-00a585c998b2,85854,79.37,0.0,1,Dummy App 1
ff34956c-1111-1111-1111-0e30e88a3ee4,79429,363.86,0.0,1,Dummy App 1
6bd0ca22-1111-1111-1111-80a41e7f704c,16784,100.0,2.5,1,Dummy App 2
fc21d191-1111-1111-1111-cc306973714a,30902,40.35,0.0,1,Dummy App 1
5274e685-1111-1111-1111-7da6be42ea32,27207,25.7,0.0,1,Dummy App 1
3f319bbe-1111-1111-1111-f5f5eee25c1b,31687,91.16,0.0,1,Dummy App 1
26f7b5f6-1111-1111-1111-c32043b8b4a9,29810,23.2,0.0,1,Dummy App 1
c4519604-1111-1111-1111-a33eba52efa9,10607,80.0,0.0,1,Dummy App 1
f25b234b-1111-1111-1111-b8a92bc69855,45107,198.97,0.0,1,Dummy App 1
6a7b00d2-1111-1111-1111-97896b6c4904,58331,29.15,0.0,1,Dummy App 1
b8dfd3ed-1111-1111-1111-685dd9af29c9,30853,150.77,0.0,1,Dummy App 1
b50a61c7-1111-1111-1111-91b65bbec2f8,28382,15.0,0.0,1,Dummy App 1
2971b5cc-1111-1111-1111-be2745d6e15e,94771,138.11,0.0,1,Dummy App 1
73a8943a-1111-1111-1111-0d27e443dc8d,13385,499.45,0.0,0,Dummy App 1
614dc4a6-1111-1111-1111-c3dada02e784,89300,20.93,0.0,0,Dummy App 1
1d8bd79a-1111-1111-1111-67c0aa7a0876,57590,27.75,0.0,1,Dummy App 1
24eb5a6b-1111-1111-1111-e28f2405de0c,30118,155.75,0.0,1,Dummy App 1
c444e323-1111-1111-1111-9e94d7f96dc0,27580,100.0,1.0,1,Dummy App 2
1353830d-1111-1111-1111-60f8f0ac5e37,29546,13.04,0.0,1,Dummy App 1
b39db1f6-1111-1111-1111-b30da60a6f28,41531,91.49,0.0,1,Dummy App 1
97ba3695-1111-1111-1111-f8f726d5f723,89219,95.49,0.0,1,Dummy App 1
6762b615-1111-1111-1111-a98e2563a4ee,86995,46.9,0.0,1,Dummy App 1
494cafd2-1111-1111-1111-7a550c05fe7f,68014,259.59,0.0,1,Dummy App 1
471dcd77-1111-1111-1111-8d6601904326,74884,4.09,0.0,1,Dummy App 1
12726cab-1111-1111-1111-a049c8a33472,86179,152.01,0.0,1,Dummy App 1
70012eba-1111-1111-1111-7a9dd7b56317,20007,30.2,0.0,1,Dummy App 1
5031eac7-1111-1111-1111-175db4c6ea3f,21506,6.85,0.0,1,Dummy App 1
6acc6c78-1111-1111-1111-3c7b1ae4516c,13429,104.15,0.0,1,Dummy App 1
90359f16-1111-1111-1111-e78cab85320d,10582,43.76,0.0,0,Dummy App 1
085f0355-1111-1111-1111-5ff1814421eb,74873,450.01,0.0,1,Dummy App 2
bb65ed33-1111-1111-1111-084619598248,89083,24.0,0.0,1,Dummy App 1
0e468730-1111-1111-1111-d1f01ccc6392,71798,11.65,0.0,1,Dummy App 1
9320d377-1111-1111-1111-3a363d5d5b10,24980,10.04,0.0,1,Dummy App 1
cedbb51d-1111-1111-1111-331859e9f716,37844,103.82,0.0,1,Dummy App 1
6017f972-1111-1111-1111-9ff92227118c,23043,50.0,2.5,1,Dummy App 2
9f6fb7f2-1111-1111-1111-9a4cb9112ff6,93192,80.55,0.0,1,Dummy App 1
3821102e-1111-1111-1111-d62f7283df75,18886,137.72,0.0,1,Dummy App 1
5cf2bb7a-1111-1111-1111-8f8644b5c2ad,42374,18.5,0.0,1,Dummy App 1
d1197e16-1111-1111-1111-6c3d7a414a90,73162,18.0,0.0,1,Dummy App 1
55e947c0-1111-1111-1111-65e7c92aaee2,83041,113.34,0.0,1,Dummy App 1
e738c826-1111-1111-1111-2301448654aa,69453,35.0,0.0,1,Dummy App 1
503c8377-1111-1111-1111-bdb017b311c9,51653,6.0,0.0,1,Dummy App 1
f88a8480-1111-1111-1111-e16d5c5c67b9,26545,110.11,0.0,1,Dummy App 1
6c5e1b57-1111-1111-1111-8184d576a075,38361,18.0,0.0,1,Dummy App 1
93f37e31-1111-1111-1111-8d04b26dda0a,66483,18.5,0.0,1,Dummy App 1
e02795ed-1111-1111-1111-41ac8361fadd,73710,155.05,0.0,1,Dummy App 1
23402fe0-1111-1111-1111-d9fc77bf857e,86655,4.0,0.0,1,Dummy App 1
6d4ac8a6-1111-1111-1111-9448744b8aab,75157,21.75,0.0,1,Dummy App 1
5572d2cc-1111-1111-1111-cd5747d9cd33,29407,32.49,0.0,1,Dummy App 1
e0d3e78e-1111-1111-1111-ce7ff8eb898d,13285,11.4,0.0,1,Dummy App 1
38e8ad08-1111-1111-1111-6308220f09c5,48635,9.93,0.0,1,Dummy App 1
105cc2b8-1111-1111-1111-48bbad911292,98576,170.08,0.0,1,Dummy App 1
ebf13978-1111-1111-1111-474355bbce70,94008,182.04,0.0,1,Dummy App 1
da4e22f6-1111-1111-1111-35cd1d439178,36513,41.85,0.0,1,Dummy App 1
b52e3de9-1111-1111-1111-adc326062beb,29019,27.9,0.0,1,Dummy App 1
aa998622-1111-1111-1111-9d60a70839d2,95016,45.0,0.0,1,Dummy App 1
fb95ddd9-1111-1111-1111-44e41ea17b54,96252,4.5,0.0,1,Dummy App 1
9cec82cc-1111-1111-1111-25ec17e75990,70566,297.2,0.0,1,Dummy App 1
c39fd101-1111-1111-1111-acf1003dbe9e,95973,15.01,0.0,1,Dummy App 1
594f622a-1111-1111-1111-7d79762c7065,50447,495.88,0.0,1,Dummy App 1
a93e8701-1111-1111-1111-4e387861294d,63252,360.5,0.0,0,Dummy App 1
72987e63-1111-1111-1111-faa48a0fbe51,56328,16.25,0.0,1,Dummy App 1
d5668d2e-1111-1111-1111-df1e0c3cfb9a,79222,8.5,0.0,1,Dummy App 1
b96febec-1111-1111-1111-9675e6d43dc8,49220,257.21,0.0,1,Dummy App 1
f26e9c39-1111-1111-1111-cc4f2e345555,65931,121.71,0.0,1,Dummy App 1
df5f375f-1111-1111-1111-b91f6c2b8369,25727,200.0,0.0,1,Dummy App 2
7042548b-1111-1111-1111-8aabcee0cca9,31262,7.5,0.0,0,Dummy App 1
16a76bcf-1111-1111-1111-8ea67e5b0b09,38751,164.85,0.0,1,Dummy App 1
d3940d7f-1111-1111-1111-7574be42dffc,74075,17.75,0.0,0,Dummy App 1
b42cd61a-1111-1111-1111-d3f90f29339f,23141,236.85,0.0,1,Dummy App 1
cf6a382c-1111-1111-1111-79b9eef3bf83,23542,37.0,0.0,1,Dummy App 1
d7afbb69-1111-1111-1111-7d069327a2ab,28472,76.55,0.0,1,Dummy App 1
f1cd10f4-1111-1111-1111-aa7ec318524c,31237,15.0,0.0,1,Dummy App 1
1154d751-1111-1111-1111-2e2b3970978b,95212,200.0,0.0,1,Dummy App 2
614ef021-1111-1111-1111-53c823a35ac5,38588,17.7,0.0,1,Dummy App 1
0dea713f-1111-1111-1111-f6a2d15eeafa,39356,3.5,0.0,1,Dummy App 1
f02f8667-1111-1111-1111-9262f370c664,71693,111.45,0.0,1,Dummy App 1
eb06c02c-1111-1111-1111-0737c82368ca,31636,126.15,0.0,1,Dummy App 1
43f5c843-1111-1111-1111-0941a74e4c6d,46202,254.39,0.0,0,Dummy App 1
4f6c4841-1111-1111-1111-81013db6bf02,17356,49.9,0.0,1,Dummy App 1
b1b4ef76-1111-1111-1111-4ab7fae9363c,21188,14.58,0.0,1,Dummy App 1
a4fea64a-1111-1111-1111-bbf1006bd73f,62538,14.17,0.0,1,Dummy App 1
e1be01d0-1111-1111-1111-d64787277c4e,50469,100.0,0.0,1,Dummy App 1
940160b8-1111-1111-1111-dbd0e8158a40,85611,58.65,0.0,0,Dummy App 1
b6757ac6-1111-1111-1111-cb8b790dee6a,72808,22.85,0.0,1,Dummy App 1
226cc413-1111-1111-1111-8f160458c47e,87300,142.03,0.0,1,Dummy App 1
02c3092c-1111-1111-1111-6f899b5b3d87,81364,18.35,0.0,1,Dummy App 1
723838b2-1111-1111-1111-bc54cf567ea7,79787,97.5,0.0,1,Dummy App 1
ec28be0a-1111-1111-1111-a4df57c2ed7e,98917,103.69,0.0,1,Dummy App 1
f2404abc-1111-1111-1111-826661c366d1,26772,67.02,0.0,1,Dummy App 1
86498d94-1111-1111-1111-06a69fae9c99,80679,21.6,0.0,1,Dummy App 1
4dceb9f5-1111-1111-1111-b505a3741347,78617,16.7,0.0,1,Dummy App 1
d48f4794-1111-1111-1111-65a92c829b39,72816,71.75,0.0,1,Dummy App 1
2a563ed3-1111-1111-1111-70c4da1aea8a,81335,95.45,0.0,1,Dummy App 1
40c086e3-1111-1111-1111-198e758ab778,19329,20.16,0.0,1,Dummy App 1
71a948a3-1111-1111-1111-219b300dadea,26018,49.55,0.0,1,Dummy App 1
53e8d7f7-1111-1111-1111-8c0cf3acc6ca,30333,2.8,0.0,1,Dummy App 1
f0e3fcb2-1111-1111-1111-88ed2e7de16d,48493,31.83,0.0,1,Dummy App 1
6f3db468-1111-1111-1111-12dd7a81ebcc,87330,16.0,0.0,1,Dummy App 1
0d0b4844-1111-1111-1111-c74e83e596c3,36510,76.13,0.0,1,Dummy App 1
4bea7389-1111-1111-1111-9c9a34cd495b,67163,11.75,0.0,1,Dummy App 1
94d32c13-1111-1111-1111-fdd706f9ad4e,27944,128.54,0.0,1,Dummy App 1
8c6629dd-1111-1111-1111-d38030ce9e8b,29849,37.9,0.0,1,Dummy App 1
1979b2a5-1111-1111-1111-dee336d46e09,67306,10.87,0.0,1,Dummy App 1
2959e6ca-1111-1111-1111-83f40262dc38,33778,61.59,0.0,1,Dummy App 1
39268fc9-1111-1111-1111-4e8ae359aed0,50474,6.55,0.0,1,Dummy App 1
4f93f042-1111-1111-1111-ff2edab321ce,20403,70.19,0.0,1,Dummy App 1
cee6f07b-1111-1111-1111-740d72d288d0,10245,5.65,0.0,1,Dummy App 1
e24e7256-1111-1111-1111-f5ed2db79b1f,96028,29.0,0.0,1,Dummy App 1
0900b964-1111-1111-1111-a3db85faaff2,78324,396.47,0.0,1,Dummy App 1
a85444cc-1111-1111-1111-b6f157b4c1a7,35321,43.85,0.0,1,Dummy App 1
0b4b5bb0-1111-1111-1111-985c9ee3bfd6,81494,3.47,0.0,1,Dummy App 1
de7b0864-1111-1111-1111-e73d927f5786,84951,15.9,0.0,0,Dummy App 1
6a79268f-1111-1111-1111-7695ec7f52d8,90649,82.45,0.0,1,Dummy App 1
7683f416-1111-1111-1111-8901b9b98ed9,86073,192.08,0.0,0,Dummy App 1
2c6d61bd-1111-1111-1111-da7e27ab09c0,13461,488.55,0.0,1,Dummy App 1
94187371-1111-1111-1111-b7960a364b15,64626,2.5,0.0,1,Dummy App 1
da213f5a-1111-1111-1111-01e2b035c300,87998,268.63,0.0,1,Dummy App 1
2812f0f3-1111-1111-1111-02852dadf539,47102,22.1,0.0,1,Dummy App 1
cf32c1e6-1111-1111-1111-f666e201aac5,57146,5.0,0.0,1,Dummy App 1
3821102e-1111-1111-1111-d62f7283df75,67832,54.16,0.0,1,Dummy App 1
32d46a1c-1111-1111-1111-748d9da76309,58976,500.0,0.0,1,Dummy App 1
0b52c9e2-1111-1111-1111-5b7d90728851,57672,41.5,0.0,1,Dummy App 1
a34ea3f6-1111-1111-1111-9b3c3514feff,79004,66.2,0.0,1,Dummy App 1
9ed37cf1-1111-1111-1111-4acf4441e6c2,66560,100.0,1.5,1,Dummy App 2
f5dc1346-1111-1111-1111-adaa8ab2cd07,87478,12.0,0.0,1,Dummy App 1
04278a19-1111-1111-1111-69f131f345db,96981,99.72,0.0,1,Dummy App 1
8c2b2597-1111-1111-1111-9b826e2d8bfd,38170,12.11,0.0,1,Dummy App 1
75522e4e-1111-1111-1111-a334fc56f1b9,95791,49.95,0.0,1,Dummy App 1
8b6c447c-1111-1111-1111-6b0945e072a4,27928,10.45,0.0,1,Dummy App 1
d6bd302d-1111-1111-1111-30d05f2272b1,96744,252.88,0.0,1,Dummy App 1
c4a175ea-1111-1111-1111-62c589bbbccb,22755,8.5,0.0,0,Dummy App 1
d508547d-1111-1111-1111-b705502d975b,86455,3.45,0.0,1,Dummy App 1
f483fe79-1111-1111-1111-79f6937e4b54,84931,66.8,0.0,1,Dummy App 1
38c57d32-1111-1111-1111-cf5ef7dbf3e6,30916,36.5,0.0,1,Dummy App 1
069071e9-1111-1111-1111-a9a5fe50ddc9,63519,34.0,0.0,1,Dummy App 1
6047d553-1111-1111-1111-4308c226be1e,12019,203.8,0.0,1,Dummy App 1
4efd5730-1111-1111-1111-ad951092ad26,45675,100.0,1.0,0,Dummy App 2
82f935b7-1111-1111-1111-35be1f81f768,79875,171.0,0.0,1,Dummy App 1
bc7ed0e5-1111-1111-1111-861e59e2e1cd,23812,279.3,0.0,0,Dummy App 1
48a111dd-1111-1111-1111-18c8fee9a087,88312,53.4,0.0,1,Dummy App 1
40a829e0-1111-1111-1111-d3eaa1f3547f,50585,6.89,0.0,1,Dummy App 1
ab13c0e3-1111-1111-1111-71bcfdca8d59,45822,253.31,0.0,1,Dummy App 1
dec9e420-1111-1111-1111-01f475954a53,36345,57.57,0.0,1,Dummy App 1
bf14c906-1111-1111-1111-e9aff1c8b834,97094,100.0,1.0,1,Dummy App 2
dbefaa4c-1111-1111-1111-130787bcae15,42996,143.44,0.0,1,Dummy App 1
23c82129-1111-1111-1111-0809f2eb6f16,95800,17.06,0.0,1,Dummy App 1
6b7e660d-1111-1111-1111-befcecf14b62,11214,20.42,0.0,1,Dummy App 1
3bc2a22e-1111-1111-1111-bba201214206,24226,105.63,0.0,1,Dummy App 1
14273a48-1111-1111-1111-a19416f25dd3,31737,109.15,0.0,1,Dummy App 1
fe37285a-1111-1111-1111-c37de3267dec,21607,118.34,0.0,1,Dummy App 1
4a8fa1dd-1111-1111-1111-50bee7f82be6,92021,31.8,0.0,1,Dummy App 1
34ea7f76-1111-1111-1111-f3734202fcb0,87573,498.95,0.0,0,Dummy App 1
38fe27d7-1111-1111-1111-b0b35bfd6652,22679,60.2,0.0,1,Dummy App 1
4ec02bb3-1111-1111-1111-0ccbc1023f20,53069,252.25,0.0,1,Dummy App 1
1c91fb81-1111-1111-1111-301635777048,13632,5.5,0.0,1,Dummy App 1
c8c44e73-1111-1111-1111-191fd9cddf3c,49950,62.62,0.0,1,Dummy App 1
8bd9d707-1111-1111-1111-f86a384bc66b,78740,6.5,0.0,1,Dummy App 1
5b78abd7-1111-1111-1111-86ed9dccb23b,32602,88.86,0.0,1,Dummy App 1
8b22ce80-1111-1111-1111-09826270b0fd,14098,58.5,0.0,1,Dummy App 1
c0c47118-1111-1111-1111-9ee078456b6a,43300,88.62,0.0,1,Dummy App 1
07786695-1111-1111-1111-e96efe46c9ef,79497,10.7,0.0,1,Dummy App 1
4677acaf-1111-1111-1111-f1f88b436d7d,70878,127.98,0.0,1,Dummy App 1
4457de18-1111-1111-1111-b883abb03229,25587,15.0,0.0,1,Dummy App 1
80c776d2-1111-1111-1111-2a774bbfa570,37234,87.42,0.0,1,Dummy App 1
ca48f821-1111-1111-1111-13e52f3fe9bc,85347,50.5,0.0,1,Dummy App 1
583b28c8-1111-1111-1111-e5a02fe5a639,91395,251.15,0.0,1,Dummy App 1
bf060475-1111-1111-1111-a3cfca684173,91934,497.4,0.0,1,Dummy App 1
aa010f8e-1111-1111-1111-153de4031fc6,97154,32.63,0.0,1,Dummy App 1
ede610d2-1111-1111-1111-d2dce6719bec,89343,19.47,0.0,1,Dummy App 1
4430cb53-1111-1111-1111-8b798ebc4de3,50657,402.81,0.0,1,Dummy App 1
a15f826c-1111-1111-1111-7d5c24bd4e5a,29376,174.88,0.0,1,Dummy App 1
de31e421-1111-1111-1111-ddffc1e7b29d,77400,461.7,0.0,1,Dummy App 1
1d0fa0eb-1111-1111-1111-9c27ff6501fa,25831,65.27,0.0,1,Dummy App 1
23a7cb33-1111-1111-1111-914ed74edd8a,69036,28.2,0.0,1,Dummy App 1
e40fb019-1111-1111-1111-7f4b0de6c2c5,49013,6.6,0.0,1,Dummy App 1
bc4dfadb-1111-1111-1111-b15d0f99f673,60190,256.96,0.0,1,Dummy App 1
2f892a7a-1111-1111-1111-9953276c9af2,82201,100.0,2.5,1,Dummy App 2
6b7e660d-1111-1111-1111-befcecf14b62,96138,16.5,0.0,1,Dummy App 1
d33f1952-1111-1111-1111-5c437cc70988,68799,30.3,0.0,0,Dummy App 1
0e112cc9-1111-1111-1111-adbb6ab09d1c,45998,97.35,0.0,1,Dummy App 1
d896b8a7-1111-1111-1111-d9bdfb006249,40514,119.9,0.0,1,Dummy App 1
008abab3-1111-1111-1111-68adbd901236,29418,74.35,0.0,1,Dummy App 1
beae55ec-1111-1111-1111-b77b24094675,55618,9.0,0.0,1,Dummy App 1
c8d0dd22-1111-1111-1111-83f87fd44971,81480,81.01,0.0,1,Dummy App 1
9b0c0929-1111-1111-1111-84bb0e5fed95,25752,100.0,1.0,0,Dummy App 2
ce441844-1111-1111-1111-7ffeb59a898f,41096,314.25,0.0,1,Dummy App 1
8da2be4c-1111-1111-1111-3587d20e4ec3,57486,391.24,0.0,0,Dummy App 1
783da35d-1111-1111-1111-16edfb196392,15513,238.29,0.0,1,Dummy App 1
6c6ec7d1-1111-1111-1111-86c7ca2b98fb,76566,70.85,0.0,1,Dummy App 1
b4bae2c2-1111-1111-1111-dc89275752ef,55450,3.0,0.0,1,Dummy App 1
6574cc21-1111-1111-1111-685fa2e68751,69471,43.75,0.0,1,Dummy App 1
6ea13e9d-1111-1111-1111-34378c61b7ba,70300,238.91,0.0,1,Dummy App 1
57b658cf-1111-1111-1111-51edc8894460,27969,15.0,0.0,1,Dummy App 1
abb24d40-1111-1111-1111-dc8ba505d78c,41383,357.82,0.0,1,Dummy App 1
2108443e-1111-1111-1111-a2028478855c,54855,97.31,0.0,1,Dummy App 1
3166d1b0-1111-1111-1111-015669b92e5a,23201,41.75,0.0,0,Dummy App 1
f1a61bba-1111-1111-1111-c0ec3b23b9fe,92129,39.5,0.0,1,Dummy App 1
427f31d0-1111-1111-1111-ce5b2d03a75b,87602,79.67,0.0,1,Dummy App 1
304a0bb3-1111-1111-1111-b04fb02e433f,10010,5.3,0.0,1,Dummy App 1
af48c62c-1111-1111-1111-6d6fd89b4f17,63693,78.54,0.0,0,Dummy App 1
861deabf-1111-1111-1111-23ca925b996a,90749,87.05,0.0,1,Dummy App 1
69116f67-1111-1111-1111-31c27bd353fb,10350,40.3,0.0,1,Dummy App 1
829824f2-1111-1111-1111-fd0347774697,78770,8.0,0.0,1,Dummy App 1
0e84a070-1111-1111-1111-657e09a67a80,88798,142.65,0.0,1,Dummy App 1
9c9fa747-1111-1111-1111-8503c05d880b,76581,10.75,0.0,1,Dummy App 1
e5d7460f-1111-1111-1111-d5cb5e7b73a8,38335,21.0,0.0,1,Dummy App 1
163d60b9-1111-1111-1111-95d17f4a0272,57639,189.38,0.0,1,Dummy App 1
79e2c60a-1111-1111-1111-620029c9ad39,54582,3.55,0.0,1,Dummy App 1
b089329f-1111-1111-1111-f391a7bf860b,27867,27.25,0.0,1,Dummy App 1
c19628b6-1111-1111-1111-a30d175dee1d,19176,335.6,0.0,1,Dummy App 1
1ba60fcd-1111-1111-1111-8195e353a54d,28617,37.48,0.0,1,Dummy App 1
6f85a4dc-1111-1111-1111-caf19fdc79e5,31669,36.0,0.0,1,Dummy App 1
f23465b2-1111-1111-1111-36422886128d,55730,5.74,0.0,1,Dummy App 1
dbd4f5c0-1111-1111-1111-3e32eb5ee796,99398,500.0,0.0,0,Dummy App 1
300a76d6-1111-1111-1111-37b1e691ab01,92015,56.3,0.0,1,Dummy App 1
7c5e9374-1111-1111-1111-5bb62140857a,13649,74.65,0.0,1,Dummy App 1
d5c6b542-1111-1111-1111-45f90fd37717,80576,46.2,0.0,0,Dummy App 1
7ce7cd05-1111-1111-1111-1f98c3d9794b,94843,66.43,0.0,1,Dummy App 1
5d72f0c4-1111-1111-1111-d241a5143745,11225,41.45,0.0,1,Dummy App 1
e204e36f-1111-1111-1111-aec3f7fde322,67141,5.2,0.0,1,Dummy App 1
5ffcbd58-1111-1111-1111-b7a657b7435a,64951,155.92,0.0,1,Dummy App 1
a465f797-1111-1111-1111-b4536ee188a4,41475,116.65,0.0,1,Dummy App 1
9e43252d-1111-1111-1111-0f009ab900e8,92614,52.35,0.0,1,Dummy App 1
2fedc877-1111-1111-1111-174a1fb53723,34859,16.0,0.0,1,Dummy App 1
146748fd-1111-1111-1111-fc4aec1812f8,56274,16.0,0.0,1,Dummy App 1
ca1b9d31-1111-1111-1111-2c75e77cbd94,62863,152.17,0.0,1,Dummy App 1
a159ba1d-1111-1111-1111-c8617b47e908,14953,47.95,0.0,1,Dummy App 1
8ef01865-1111-1111-1111-8e7521f4293f,18102,273.93,0.0,0,Dummy App 1
65d875ea-1111-1111-1111-62ed9d718e18,76688,15.0,0.0,1,Dummy App 1
4de6ba37-1111-1111-1111-0c02a1d0f63b,80141,85.45,0.0,1,Dummy App 1
7098c18f-1111-1111-1111-0866fb996741,77454,145.95,0.0,1,Dummy App 1
54f814ea-1111-1111-1111-13c174cb6b6e,79954,69.28,0.0,1,Dummy App 1
6a9e4569-1111-1111-1111-705ecb4182a1,96746,177.0,0.0,1,Dummy App 1
db777305-1111-1111-1111-f057f43df4af,96074,22.35,0.0,1,Dummy App 1
54b763be-1111-1111-1111-70b0ddb8a681,13270,123.2,0.0,1,Dummy App 1
a8368c06-1111-1111-1111-9023fd34471e,14232,92.66,0.0,1,Dummy App 1
d3940d7f-1111-1111-1111-7574be42dffc,61683,37.8,0.0,0,Dummy App 1
e3ea84fb-1111-1111-1111-b6d049260413,24294,408.75,0.0,1,Dummy App 1
2877dda3-1111-1111-1111-a4fddef1bf88,64240,135.55,0.0,1,Dummy App 1
2ae92a8c-1111-1111-1111-e78fe4b6fe21,23111,10.35,0.0,1,Dummy App 1
a9639751-1111-1111-1111-909ddc03c256,62662,88.29,0.0,1,Dummy App 1
acedf379-1111-1111-1111-6226d555a92b,75151,133.75,0.0,1,Dummy App 1
df0089f4-1111-1111-1111-63f5b2baa1ac,95157,3.0,0.0,1,Dummy App 1
2f24a273-1111-1111-1111-707340c9ecb3,16941,51.8,0.0,1,Dummy App 1
50043035-1111-1111-1111-b56535483618,39307,8.95,0.0,1,Dummy App 1
7a093569-1111-1111-1111-9f0e91107dbf,74275,169.2,0.0,1,Dummy App 1
bf5e6415-1111-1111-1111-9560fabe8429,90847,16.0,0.0,1,Dummy App 1
6304f231-1111-1111-1111-fdb69db8c2c0,47204,18.0,0.0,0,Dummy App 1
3cb5eeaf-1111-1111-1111-8f5099a64a6a,74664,49.91,0.0,1,Dummy App 1
0f72b528-1111-1111-1111-92258b586d78,95638,257.43,0.0,1,Dummy App 1
029d0f21-1111-1111-1111-b57d9f7d24bf,89143,287.9,0.0,1,Dummy App 1
e3ea84fb-1111-1111-1111-b6d049260413,77409,32.0,0.0,1,Dummy App 1
c112ebc8-1111-1111-1111-2f5a37929da5,88370,23.95,0.0,1,Dummy App 1
ac2711d1-1111-1111-1111-0bad12af96dc,24237,100.0,2.5,0,Dummy App 2
62a5b2cc-1111-1111-1111-6c1f3150218f,17240,15.0,0.0,1,Dummy App 1
f59aad1d-1111-1111-1111-e40835cad3d0,52805,27.35,0.0,1,Dummy App 1
3b106033-1111-1111-1111-9daa7bbd23df,32434,62.05,0.0,1,Dummy App 1
8e283730-1111-1111-1111-4f3f117817e6,91634,12.95,0.0,1,Dummy App 1
a5052413-1111-1111-1111-6150a6c8778e,21344,50.0,1.0,1,Dummy App 2
8f4b5674-1111-1111-1111-a009cb7c5296,98515,100.0,0.0,1,Dummy App 1
91eaf660-1111-1111-1111-2f9de73658b1,37210,100.0,1.0,1,Dummy App 2
f336a841-1111-1111-1111-026eadf7bf52,57601,16.0,0.0,1,Dummy App 1
719e1595-1111-1111-1111-b025a75b03e9,39495,40.77,0.0,1,Dummy App 1
7be90fdc-1111-1111-1111-c4d12ed25ccd,45362,92.25,0.0,1,Dummy App 1
810ca80f-1111-1111-1111-a4e894b4cd23,18994,4.75,0.0,0,Dummy App 1
b41dd902-1111-1111-1111-5c8161346e3c,84351,56.0,0.0,1,Dummy App 1
395fff54-1111-1111-1111-45e8d2fdf3de,95277,64.01,0.0,1,Dummy App 1
da51624c-1111-1111-1111-995b00d2708f,92227,18.01,0.0,1,Dummy App 1
1a7635de-1111-1111-1111-77c0b1f484b3,80642,185.46,0.0,1,Dummy App 1
b4eac042-1111-1111-1111-30812f150835,80860,98.25,0.0,1,Dummy App 1
353a5c03-1111-1111-1111-df1177df5c9c,39479,30.0,1.0,1,Dummy App 2
583b28c8-1111-1111-1111-e5a02fe5a639,34168,167.36,0.0,1,Dummy App 1
b5250d4f-1111-1111-1111-69378adf3640,26863,97.55,0.0,0,Dummy App 1
d5bbfc00-1111-1111-1111-edbc0ef84219,61449,51.0,0.0,1,Dummy App 1
634ebc95-1111-1111-1111-5963527efcba,99853,183.56,0.0,1,Dummy App 1
71f0fa38-1111-1111-1111-bd810bf8a784,34925,20.2,0.0,1,Dummy App 1
a9f36b6a-1111-1111-1111-d1f9f35c7e85,66603,94.54,0.0,1,Dummy App 1
1f7c2861-1111-1111-1111-f365646e8e24,62479,191.14,0.0,1,Dummy App 1
b5d5079c-1111-1111-1111-60d7fc99cac7,78434,55.1,0.0,0,Dummy App 1
aac3680e-1111-1111-1111-e52a7efc1140,67745,44.5,0.0,1,Dummy App 1
03e32107-1111-1111-1111-0515455c19ec,74712,471.95,0.0,1,Dummy App 1
22a6ba5c-1111-1111-1111-2275c3131e4e,98116,48.7,0.0,1,Dummy App 1
b7ac5034-1111-1111-1111-4d5cf4d356e9,60785,100.0,0.0,1,Dummy App 1
e2016fcc-1111-1111-1111-5e3bc2773682,44178,15.9,0.0,1,Dummy App 1
90b13583-1111-1111-1111-8a4f3ce3d663,30791,200.0,0.0,1,Dummy App 2
8cd14b3d-1111-1111-1111-023ff3611a5e,33233,200.0,0.0,1,Dummy App 2
9e999289-1111-1111-1111-330039d03f01,14673,72.85,0.0,1,Dummy App 1
60564ed4-1111-1111-1111-19a0639d8301,44548,106.43,0.0,1,Dummy App 1
fa51d45b-1111-1111-1111-a3ec7d2088ed,12631,410.15,0.0,1,Dummy App 1
fbdcb3d5-1111-1111-1111-ba1647e4a22c,83276,20.7,0.0,1,Dummy App 1
de795d1a-1111-1111-1111-890790cd70da,85697,18.5,0.0,1,Dummy App 1
20a01cde-1111-1111-1111-ecec442f7d44,88137,156.21,0.0,1,Dummy App 1
baa927a2-1111-1111-1111-38f48797487c,44901,15.0,0.0,1,Dummy App 1
805f03e2-1111-1111-1111-67c2c1426582,34523,15.5,0.0,1,Dummy App 1
a35b3ff0-1111-1111-1111-d145f13e2a09,40586,18.0,0.0,1,Dummy App 1
81e76243-1111-1111-1111-ba35364402c0,10180,94.15,0.0,1,Dummy App 1
bc9f4cc8-1111-1111-1111-6619a9fb2f7f,48252,9.75,0.0,0,Dummy App 1
462f1576-1111-1111-1111-a30f5bc940ae,21701,482.11,0.0,1,Dummy App 1
60cda9b6-1111-1111-1111-d0db4fe9a752,89748,324.67,0.0,1,Dummy App 1
96f5b8c2-1111-1111-1111-6aa1d8c8bf74,11226,86.0,0.0,1,Dummy App 1
eef7b124-1111-1111-1111-a664854d3128,17934,16.5,0.0,1,Dummy App 1
c479e6f5-1111-1111-1111-326842505af1,26392,17.0,0.0,1,Dummy App 1
1d0e6b85-1111-1111-1111-f9f8e6790871,22285,23.58,0.0,1,Dummy App 1
c7b1912e-1111-1111-1111-30e049f37749,84783,21.3,0.0,1,Dummy App 1
d333f57c-1111-1111-1111-371ecc223ab2,49078,17.0,0.0,1,Dummy App 1
73418d22-1111-1111-1111-ffdb01d6b093,79574,217.2,0.0,1,Dummy App 1
cad72e77-1111-1111-1111-bc772ae50cd4,73696,80.0,1.0,1,Dummy App 2
0cdaa9e8-1111-1111-1111-3ec24e0a4d88,51277,150.0,0.0,1,Dummy App 2
5322d24a-1111-1111-1111-34bd28459e74,66433,99.04,0.0,1,Dummy App 1
3d6a0fc3-1111-1111-1111-79a7eb0199e4,88273,126.05,0.0,1,Dummy App 1
6d8fbb60-1111-1111-1111-be78faf4bd2f,36855,30.0,0.0,1,Dummy App 1
79358e74-1111-1111-1111-96320e9abfab,23681,18.0,0.0,1,Dummy App 1
71491ead-1111-1111-1111-9d385ed81135,71507,100.0,2.5,1,Dummy App 2
c4367818-1111-1111-1111-04df2f2b90a0,31956,32.0,0.0,1,Dummy App 1
e67267ff-1111-1111-1111-0209bc716725,70119,111.12,0.0,0,Dummy App 1
77ed8f89-1111-1111-1111-69f3b0e0e5cd,45864,336.27,0.0,0,Dummy App 1
7c9e3d58-1111-1111-1111-d21750e3011a,45461,270.35,0.0,1,Dummy App 1
46a8e879-1111-1111-1111-50f59249ab0c,79773,19.85,0.0,1,Dummy App 1
62801b7c-1111-1111-1111-bd8c1aed5c36,57215,17.0,0.0,1,Dummy App 1
1da12728-1111-1111-1111-f279766cd0c0,10595,78.05,0.0,1,Dummy App 1
e76adce1-1111-1111-1111-f8b31413523e,81888,139.0,0.0,1,Dummy App 1
3472d6ac-1111-1111-1111-3ea54ca97641,82730,74.86,0.0,1,Dummy App 1
0ad7c1ef-1111-1111-1111-34a4262b3de7,14468,62.5,0.0,1,Dummy App 1
543a5848-1111-1111-1111-9700ffc82167,84067,13.8,0.0,1,Dummy App 1
8683791b-1111-1111-1111-85621d2b4340,91410,389.0,0.0,0,Dummy App 1
e9fd56db-1111-1111-1111-b3b43c7dc052,59665,122.74,0.0,1,Dummy App 1
f5233114-1111-1111-1111-b051de929bf0,26134,14.06,0.0,0,Dummy App 1
0f249549-1111-1111-1111-45f9aed44f84,49247,464.18,0.0,1,Dummy App 1
a4d06fa0-1111-1111-1111-b3fb5b766e5b,15189,38.12,0.0,1,Dummy App 1
60cf5115-1111-1111-1111-23b0f0ebc691,75292,115.5,0.0,1,Dummy App 1
f176be47-1111-1111-1111-0a424c6590c5,67426,119.95,0.0,1,Dummy App 1
d1e7cedc-1111-1111-1111-909113ae748b,56913,9.63,0.0,1,Dummy App 1
8a9c8aa0-1111-1111-1111-dbb007dd58e9,58087,86.0,0.0,1,Dummy App 1
5bb95cff-1111-1111-1111-0e3a1dbe62ea,68927,201.88,0.0,1,Dummy App 1
7cfa0f5d-1111-1111-1111-476f1a9ed1da,76287,84.0,0.0,1,Dummy App 1
48792ff5-1111-1111-1111-2689a29ce3ad,29927,29.75,0.0,0,Dummy App 1
9b1874d0-1111-1111-1111-f6048ff39638,65513,100.0,2.5,1,Dummy App 2
829b1051-1111-1111-1111-2db2515055c4,74755,34.9,0.0,1,Dummy App 1
c9231067-1111-1111-1111-995e6425f2c9,48180,22.0,0.0,1,Dummy App 1
d3f7cc80-1111-1111-1111-9adc62b17d7d,23781,288.86,0.0,1,Dummy App 1
554e6c45-1111-1111-1111-d4ae3b928349,43454,27.2,0.0,1,Dummy App 1
4f6bfa18-1111-1111-1111-f8215007f792,62326,90.22,0.0,1,Dummy App 1
0a1cfeff-1111-1111-1111-9420bac71367,64487,88.0,0.0,1,Dummy App 1
5a0719f4-1111-1111-1111-335041148ef7,20734,165.77,0.0,1,Dummy App 1
66ad1d24-1111-1111-1111-51f0b6cc223c,78354,85.39,0.0,1,Dummy App 1
bd91c2ba-1111-1111-1111-cd4a3cca0135,87508,92.31,0.0,1,Dummy App 1
9dd1f46c-1111-1111-1111-ac37145b54e9,63237,95.65,0.0,1,Dummy App 1
f84d4e5f-1111-1111-1111-8813ea9a1c31,14395,140.69,0.0,1,Dummy App 1
80eb1606-1111-1111-1111-becff6191bf3,46005,93.47,0.0,1,Dummy App 1
05775d69-1111-1111-1111-9f2a942ddf47,47101,6.13,0.0,1,Dummy App 1
7e75e109-1111-1111-1111-e10898c600ce,15453,30.06,0.0,1,Dummy App 1
31a5eb71-1111-1111-1111-926f9a436a26,29022,86.6,0.0,1,Dummy App 1
34e56555-1111-1111-1111-da66e3a41a57,34554,3.56,0.0,1,Dummy App 1
d0c9873b-1111-1111-1111-202a40bcac0d,47914,22.8,0.0,1,Dummy App 1
92b2d619-1111-1111-1111-8992e5997a13,64483,184.37,0.0,1,Dummy App 1
291a7105-1111-1111-1111-7d5297e0f744,31307,78.87,0.0,1,Dummy App 1
0e69d050-1111-1111-1111-7333272156c5,75542,185.76,0.0,1,Dummy App 1
238636e9-1111-1111-1111-405db6531c08,97452,53.8,0.0,1,Dummy App 1
6b99a34c-1111-1111-1111-6ce2a29b2a43,25082,195.0,0.0,1,Dummy App 1
dba4299a-1111-1111-1111-55361b41b6ca,42219,98.5,0.0,1,Dummy App 1
b1ef798f-1111-1111-1111-e27c15562d96,33928,6.41,0.0,1,Dummy App 1
0c712669-1111-1111-1111-d7cd95a43ec7,73386,159.95,0.0,1,Dummy App 1
e3a8063c-1111-1111-1111-e0e177d8ecea,75320,163.33,0.0,1,Dummy App 1
2a4cee5f-1111-1111-1111-3b5a0adaf828,13250,37.5,0.0,1,Dummy App 1
ce7b386b-1111-1111-1111-01bea7afbefa,55825,97.82,0.0,1,Dummy App 1
bec28ddb-1111-1111-1111-952c455f0a8e,19457,100.0,0.0,1,Dummy App 1
15c0e1af-1111-1111-1111-a195ae295520,83857,9.25,0.0,1,Dummy App 1
1d2d3939-1111-1111-1111-03a4124e54cc,86928,374.52,0.0,1,Dummy App 1
ec4e3d4f-1111-1111-1111-ad71ad02d4b9,71218,116.71,0.0,1,Dummy App 1
a70b1f4c-1111-1111-1111-52bc3f23fdd8,28339,21.0,0.0,1,Dummy App 1
a838c984-1111-1111-1111-fb6a295d0899,32690,159.74,0.0,1,Dummy App 1
324077dc-1111-1111-1111-0024a65e5e23,27323,46.0,0.0,1,Dummy App 1
04f58c53-1111-1111-1111-9388df5eac3a,65313,155.56,0.0,1,Dummy App 1
fd1cf1f2-1111-1111-1111-14cb6eb16234,35552,12.68,0.0,1,Dummy App 1
51448556-1111-1111-1111-946f51860001,49610,15.14,0.0,1,Dummy App 1
d074969e-1111-1111-1111-20c060a02857,95164,20.0,0.0,1,Dummy App 1
fbf1559b-1111-1111-1111-1ba5a16c5794,51545,248.73,0.0,1,Dummy App 1
cb69f59e-1111-1111-1111-55bde9cd86df,95676,17.15,0.0,1,Dummy App 1
7e1a3f98-1111-1111-1111-9c3a75fa59ac,20413,17.5,0.0,1,Dummy App 1
71e40070-1111-1111-1111-a5206c71ebaf,88555,74.99,0.0,1,Dummy App 1
b7c11384-1111-1111-1111-f36e6951d759,42146,22.0,0.0,1,Dummy App 1
64407e1b-1111-1111-1111-0fe1796a398b,26544,242.4,0.0,1,Dummy App 1
b4098db1-1111-1111-1111-56fdb655eb0c,56202,187.48,0.0,1,Dummy App 1
733d1fba-1111-1111-1111-e54f2025b709,58589,91.59,0.0,1,Dummy App 1
30199c95-1111-1111-1111-191cd4c04462,19325,30.0,2.5,1,Dummy App 2
71b23fd1-1111-1111-1111-ef81e5634e12,27267,225.9,0.0,1,Dummy App 1
7d68e6bd-1111-1111-1111-923361c69a52,74805,13.95,0.0,1,Dummy App 1
a2be19bd-1111-1111-1111-920e0c4950a9,57832,443.62,0.0,1,Dummy App 1
8e68efc8-1111-1111-1111-66e88bb4d796,99759,85.61,0.0,1,Dummy App 1
b44e63c5-1111-1111-1111-dd194fc37491,40209,22.51,0.0,1,Dummy App 1
a4d18f48-1111-1111-1111-69e9be4a584c,25855,31.05,0.0,1,Dummy App 1
c42210c5-1111-1111-1111-3ac9efa5ccac,36541,110.58,0.0,1,Dummy App 1
bb078721-1111-1111-1111-dac6310922d3,29368,99.95,0.0,1,Dummy App 1
ec657813-1111-1111-1111-2399ab669717,65803,87.88,0.0,1,Dummy App 1
1756dd97-1111-1111-1111-5ba2e07c35a1,14319,110.68,0.0,1,Dummy App 1
0548045e-1111-1111-1111-deea7bf7b6a1,64422,7.6,0.0,1,Dummy App 1
a8bd9ab9-1111-1111-1111-ec1233e33cd0,89745,72.07,0.0,1,Dummy App 1
6c23912b-1111-1111-1111-c1fa47c09443,84129,120.9,0.0,1,Dummy App 1
da3efaec-1111-1111-1111-090fb03a3d8a,92936,6.75,0.0,1,Dummy App 1
2ddbd71d-1111-1111-1111-a614b7e6d417,84885,38.0,0.0,1,Dummy App 1
abd2ded8-1111-1111-1111-99a8e4081775,70776,357.51,0.0,1,Dummy App 1
ca7e076d-1111-1111-1111-ae7c1b7eb059,69998,67.2,0.0,1,Dummy App 1
dd71a6eb-1111-1111-1111-bd988ce87e4e,42124,77.19,0.0,1,Dummy App 1
6c981812-1111-1111-1111-f9b2898f80be,29737,59.95,0.0,1,Dummy App 1
803ddb5f-1111-1111-1111-96a6bb14ba1e,56988,9.95,0.0,1,Dummy App 1
600cddeb-1111-1111-1111-51ad1134f080,16577,17.38,0.0,1,Dummy App 1
74d27377-1111-1111-1111-c5ac3d00866a,19362,2.25,0.0,1,Dummy App 1
c3e45e21-1111-1111-1111-985704cbdbb9,44176,18.0,0.0,1,Dummy App 1
d0edab05-1111-1111-1111-1ee21aef6fb8,39450,271.36,0.0,1,Dummy App 1
b00792c3-1111-1111-1111-1d243c6b4c50,24636,25.55,0.0,1,Dummy App 1
083163c4-1111-1111-1111-a191ec76b89f,26015,219.94,0.0,1,Dummy App 1
4184d304-1111-1111-1111-8270b83de582,82138,498.7,0.0,1,Dummy App 1
7bedfa70-1111-1111-1111-b16e02cfd9c2,16117,47.31,0.0,1,Dummy App 1
0026d565-1111-1111-1111-fbbe8bcdbc4d,84544,75.05,0.0,1,Dummy App 1
3ce4b68f-1111-1111-1111-c6812e4d9236,17479,21.25,0.0,1,Dummy App 1
60df235e-1111-1111-1111-4d1e49e55886,14820,122.25,0.0,1,Dummy App 1
9e71afbe-1111-1111-1111-fc9121ff59a3,93990,499.12,0.0,1,Dummy App 1
54f18a4f-1111-1111-1111-cd3195867939,46185,10.21,0.0,1,Dummy App 1
c91b2f77-1111-1111-1111-440895503672,49406,85.57,0.0,1,Dummy App 1
fc00ee4b-1111-1111-1111-8054b33b4e9f,48509,7.2,0.0,1,Dummy App 1
e3d0a2fa-1111-1111-1111-6a43cc322c61,62930,175.54,0.0,1,Dummy App 1
72070a61-1111-1111-1111-171574df99a5,10849,212.15,0.0,1,Dummy App 1
5a501f38-1111-1111-1111-f45b78700135,20253,18.5,0.0,1,Dummy App 1
a7c2d0c7-1111-1111-1111-470883264296,76932,49.87,0.0,1,Dummy App 1
f09fa9a4-1111-1111-1111-5db0cac2cfa0,12960,96.94,0.0,1,Dummy App 1
29aa9d32-1111-1111-1111-b0053fd926d9,27073,10.0,0.0,1,Dummy App 1
40e686b8-1111-1111-1111-c40f8169f09d,70686,118.72,0.0,1,Dummy App 1
5b78ffb2-1111-1111-1111-3f64b34c668f,65537,110.25,0.0,1,Dummy App 1
e295d48b-1111-1111-1111-e24c13ddc38b,14935,98.14,0.0,1,Dummy App 1
9fd6fce9-1111-1111-1111-d8ac2d172370,49930,240.0,0.0,1,Dummy App 1
9b2633a3-1111-1111-1111-9004347f11d9,47618,43.05,0.0,1,Dummy App 1
9fd6fce9-1111-1111-1111-d8ac2d172370,49930,240.0,0.0,1,Dummy App 1
9b2633a3-1111-1111-1111-9004347f11d9,47618,43.05,0.0,1,Dummy App 1
